id,created_on,title,doi,guid,published_on,url,public,uri,funders,funder_name,grant_id,creator_name,creator_affiliation,author_name_1,author_affiliation_1,author_name_2,author_affiliation_2,author_name_3,author_affiliation_3,version_1_doi,version_1_title,version_1_published_on,version_2_doi,version_2_title,version_2_published_on,version_3_doi,version_3_title,version_3_published_on,version_4_doi,version_4_title,version_4_published_on,description_text,version_5_doi,version_5_title,version_5_published_on,author_name_4,author_affiliation_4,author_name_5,author_affiliation_5,author_name_6,author_affiliation_6,author_name_7,author_affiliation_7
111161,2024-10-29 13:42:58,[Proof Reading] Dengue virus serotype 2 NS2B-NS3 protease fusion construct small scale expression and purification protocol,dx.doi.org/10.17504/protocols.io.dm6gp9e41vzp/v1,B5932FD895FB11EFA5930A58A9FEAC02,2024-10-29 15:21:47,https://www.protocols.io/view/proof-reading-dengue-virus-serotype-2-ns2b-ns3-pr-dqsz5wf6,True,proof-reading-dengue-virus-serotype-2-ns2b-ns3-pr-dqsz5wf6,"[{'funder_name': 'National Institutes of Health/National Institute Of Allergy and Infectious Diseases (NIH/NIAID)', 'grant_id': 'U19AI171432'}]",National Institutes of Health/National Institute Of Allergy and Infectious Diseases (NIH/NIAID),U19AI171432,SiYi Wang,CMD,SiYi Wang,"Centre for Medicines Discovery, University of Oxford",Michael Fairhead,"Centre for Medicines Discovery, University of Oxford",Eleanor Williams,"Centre for Medicines Discovery, University of Oxford",dx.doi.org/10.17504/protocols.io.dm6gp9e41vzp/v1,[Proof Reading] Dengue virus serotype 2 NS2B-NS3 protease fusion construct small scale expression and purification protocol,2024-10-29 15:21:47,dx.doi.org/10.17504/protocols.io.dm6gp9e41vzp/v2,Dengue virus serotype 2 NS2B-NS3 protease fusion construct small scale expression and purification protocol,2024-10-29 15:23:37,dx.doi.org/10.17504/protocols.io.dm6gp9e41vzp/v3,Dengue virus serotype 2 NS2B-NS3 protease fusion construct small scale expression and purification protocol,2025-06-04 13:52:09,dx.doi.org/10.17504/protocols.io.dm6gp9e41vzp/v4,Dengue virus serotype 2 NS2B-NS3 protease fusion construct small scale expression and purification protocol,2026-06-29 09:15:50,"This protocol details the co-expression and purification of Dengue virus serotype 2 NS2B-NS3 protease fusion construct bearing a N-terminal His-StrepII tag at small scale (<6L). This protocol produces catalytically active enzyme suitable for biochemical assays. The construct used here is QQ01D2VNS2BA-c001.
",,,,,,,,,,,
111174,2024-10-29 15:23:03,Dengue virus serotype 2 NS2B-NS3 protease fusion construct small scale expression and purification protocol,dx.doi.org/10.17504/protocols.io.dm6gp9e41vzp/v2,B0C89B09960911EFA5930A58A9FEAC02,2024-10-29 15:23:37,https://www.protocols.io/view/dengue-virus-serotype-2-ns2b-ns3-protease-fusion-c-dqte5wje,True,dengue-virus-serotype-2-ns2b-ns3-protease-fusion-c-dqte5wje,"[{'funder_name': 'National Institutes of Health/National Institute Of Allergy and Infectious Diseases (NIH/NIAID)', 'grant_id': 'U19AI171432'}]",National Institutes of Health/National Institute Of Allergy and Infectious Diseases (NIH/NIAID),U19AI171432,SiYi Wang,CMD,SiYi Wang,"Centre for Medicines Discovery, University of Oxford",Michael Fairhead,"Centre for Medicines Discovery, University of Oxford",Eleanor Williams,"Centre for Medicines Discovery, University of Oxford",dx.doi.org/10.17504/protocols.io.dm6gp9e41vzp/v1,[Proof Reading] Dengue virus serotype 2 NS2B-NS3 protease fusion construct small scale expression and purification protocol,2024-10-29 15:21:47,dx.doi.org/10.17504/protocols.io.dm6gp9e41vzp/v2,Dengue virus serotype 2 NS2B-NS3 protease fusion construct small scale expression and purification protocol,2024-10-29 15:23:37,dx.doi.org/10.17504/protocols.io.dm6gp9e41vzp/v3,Dengue virus serotype 2 NS2B-NS3 protease fusion construct small scale expression and purification protocol,2025-06-04 13:52:09,dx.doi.org/10.17504/protocols.io.dm6gp9e41vzp/v4,Dengue virus serotype 2 NS2B-NS3 protease fusion construct small scale expression and purification protocol,2026-06-29 09:15:50,"This protocol details the co-expression and purification of Dengue virus serotype 2 NS2B-NS3 protease fusion construct bearing a N-terminal His-StrepII tag at small scale (<6L). This protocol produces catalytically active enzyme suitable for biochemical assays. The construct used here is QQ01D2VNS2BA-c001.
",,,,,,,,,,,
217898,2025-05-07 16:09:38,Dengue virus serotype 2 NS2B-NS3 protease fusion construct small scale expression and purification protocol,dx.doi.org/10.17504/protocols.io.dm6gp9e41vzp/v3,AD0945BE2B5D11F0B25B0A58A9FEAC02,2025-06-04 13:52:09,https://www.protocols.io/view/dengue-virus-serotype-2-ns2b-ns3-protease-fusion-c-gy2ibxycf,True,dengue-virus-serotype-2-ns2b-ns3-protease-fusion-c-gy2ibxycf,"[{'funder_name': 'National Institutes of Health/National Institute Of Allergy and Infectious Diseases (NIH/NIAID)', 'grant_id': 'U19AI171432'}]",National Institutes of Health/National Institute Of Allergy and Infectious Diseases (NIH/NIAID),U19AI171432,SiYi Wang,CMD,SiYi Wang,"Centre for Medicines Discovery, University of Oxford, ASAP Discovery Consortium",Michael Fairhead,"Centre for Medicines Discovery, University of Oxford, ASAP Discovery Consortium",Eleanor Williams,"Centre for Medicines Discovery, University of Oxford, ASAP Discovery Consortium",dx.doi.org/10.17504/protocols.io.dm6gp9e41vzp/v1,[Proof Reading] Dengue virus serotype 2 NS2B-NS3 protease fusion construct small scale expression and purification protocol,2024-10-29 15:21:47,dx.doi.org/10.17504/protocols.io.dm6gp9e41vzp/v2,Dengue virus serotype 2 NS2B-NS3 protease fusion construct small scale expression and purification protocol,2024-10-29 15:23:37,dx.doi.org/10.17504/protocols.io.dm6gp9e41vzp/v3,Dengue virus serotype 2 NS2B-NS3 protease fusion construct small scale expression and purification protocol,2025-06-04 13:52:09,dx.doi.org/10.17504/protocols.io.dm6gp9e41vzp/v4,Dengue virus serotype 2 NS2B-NS3 protease fusion construct small scale expression and purification protocol,2026-06-29 09:15:50,"This protocol details the co-expression and purification of Dengue virus serotype 2 NS2B-NS3 protease fusion construct bearing a N-terminal His-StrepII tag at small scale (<6L). This protocol produces catalytically active enzyme suitable for biochemical assays. In this version we added the Addgene id of the construct used. 
",,,,,,,,,,,
319981,2026-06-29 09:13:32,Dengue virus serotype 2 NS2B-NS3 protease fusion construct small scale expression and purification protocol,dx.doi.org/10.17504/protocols.io.dm6gp9e41vzp/v4,CCB1E539739A11F1A72D0A58A9FEAC02,2026-06-29 09:15:50,https://www.protocols.io/view/dengue-virus-serotype-2-ns2b-ns3-protease-fusion-c-j4qmcqvu7,True,dengue-virus-serotype-2-ns2b-ns3-protease-fusion-c-j4qmcqvu7,"[{'funder_name': 'National Institutes of Health/National Institute Of Allergy and Infectious Diseases (NIH/NIAID)', 'grant_id': 'U19AI171432'}]",National Institutes of Health/National Institute Of Allergy and Infectious Diseases (NIH/NIAID),U19AI171432,SiYi Wang,CMD,SiYi Wang,Centre for Medicines Discovery; University of Oxford; ASAP Discovery Consortium,Michael Fairhead,Centre for Medicines Discovery; University of Oxford; ASAP Discovery Consortium,Eleanor Williams,Centre for Medicines Discovery; University of Oxford; ASAP Discovery Consortium,dx.doi.org/10.17504/protocols.io.dm6gp9e41vzp/v1,[Proof Reading] Dengue virus serotype 2 NS2B-NS3 protease fusion construct small scale expression and purification protocol,2024-10-29 15:21:47,dx.doi.org/10.17504/protocols.io.dm6gp9e41vzp/v2,Dengue virus serotype 2 NS2B-NS3 protease fusion construct small scale expression and purification protocol,2024-10-29 15:23:37,dx.doi.org/10.17504/protocols.io.dm6gp9e41vzp/v3,Dengue virus serotype 2 NS2B-NS3 protease fusion construct small scale expression and purification protocol,2025-06-04 13:52:09,dx.doi.org/10.17504/protocols.io.dm6gp9e41vzp/v4,Dengue virus serotype 2 NS2B-NS3 protease fusion construct small scale expression and purification protocol,2026-06-29 09:15:50,"This protocol details the co-expression and purification of Dengue virus serotype 2 NS2B-NS3 protease fusion construct bearing a N-terminal His-StrepII tag at small scale (<6L). This protocol produces catalytically active enzyme suitable for biochemical assays. In this version we added the Addgene id of the construct used. 
",,,,,,,,,,,
321586,2026-07-27 13:09:54, Zika Virus NS2B-NS3 protease fusion protein Avi-tagged (Biotinylated) protein expression and purification: large scale 4L cultures,dx.doi.org/10.17504/protocols.io.e6nvwxd1zgmk/v1,7550701289BC11F1BBDD0A58A9FEAC02,2026-07-30 09:49:18,https://www.protocols.io/view/zika-virus-ns2b-ns3-protease-fusion-protein-avi-t-j6ascraef,True,zika-virus-ns2b-ns3-protease-fusion-protein-avi-t-j6ascraef,"[{'funder_name': 'National Institutes of Health/National Institute Of Allergy and Infectious Diseases (NIH/NIAID)', 'grant_id': 'U19AI171399'}]",National Institutes of Health/National Institute Of Allergy and Infectious Diseases (NIH/NIAID),U19AI171399,SiYi Wang,CMD,SiYi Wang,CMD,,,,,dx.doi.org/10.17504/protocols.io.e6nvwxd1zgmk/v1, Zika Virus NS2B-NS3 protease fusion protein Avi-tagged (Biotinylated) protein expression and purification: large scale 4L cultures,2026-07-30 09:49:18,,,,,,,,,,"This protocol details the expression and purification of Zika Virus NS2B-NS3 protease fusion protein with a AviTag (biotinylation tag) for biophysical assay at a 4L culture scale. Recombinant proteins are expressed in Escherichia coli using the autoinduction method and then purified in using a IMAC, desalt, tag cleavage, reverse IMAC and gel filtration work flow.


",,,,,,,,,,,
315005,2026-04-14 14:30:19,Large-scale expression and purification of biotinylated Enterovirus  coxsackievirus A16 (CVA16) strain G10 2A protease,dx.doi.org/10.17504/protocols.io.8epv5yp4jl1b/v1,76C98385380E11F18D460A58A9FEAC02,2026-04-30 08:42:12,https://www.protocols.io/view/large-scale-expression-and-purification-of-biotiny-jxu5cpny7,True,large-scale-expression-and-purification-of-biotiny-jxu5cpny7,"[{'funder_name': 'National Institutes of Health/National Institute Of Allergy and Infectious Diseases (NIH/NIAID)', 'grant_id': 'U19AI171399'}]",National Institutes of Health/National Institute Of Allergy and Infectious Diseases (NIH/NIAID),U19AI171399,Michael Fairhead,University of Oxford,Michael Fairhead,University of Oxford; ASAP Discovery Consortium,,,,,dx.doi.org/10.17504/protocols.io.8epv5yp4jl1b/v1,Large-scale expression and purification of biotinylated Enterovirus  coxsackievirus A16 (CVA16) strain G10 2A protease,2026-04-30 08:42:12,,,,,,,,,,"This protocol details the expression and purification of Enterovirus A16 G10 2A protease protein with a AviTag (biotinylation tag) for biophysical assay at a 1 L culture scale. Recombinant proteins are expressed in Escherichia coli using the autoinduction method and then purified in using a IMAC, desalt, and gel filtration work flow.


",,,,,,,,,,,
59115,2022-03-05 20:13:07,Influenza virus plaque assay,dx.doi.org/10.17504/protocols.io.n2bvj63bxlk5/v1,A1081C809CC011EC839EC39D75FB9696,2022-03-16 21:33:08,https://www.protocols.io/view/influenza-virus-plaque-assay-b5yjq7un,True,influenza-virus-plaque-assay-b5yjq7un,[],,,Steven F Baker,Lovelace Biomedical Research Institute,Steven F Baker,Lovelace Biomedical Research Institute,,,,,dx.doi.org/10.17504/protocols.io.n2bvj63bxlk5/v1,Influenza virus plaque assay,2022-03-16 21:33:08,,,,,,,,,,"Determine virus concentration from cell culture, lung homogenates, and more. This protocol measures virus in plaque forming units per ml solution.   This protocol differs from classic flu plaque assays by using a semi-solid overlay (Avicel) as opposed to agarose. This is beneficial in avoiding reproducibility issues that can arise from burning monolayers with hot overlay, and is faster to make and aspirate. The negative is that you cannot plaque purify viral isolates as you can with agarose.   Theoretically one infectious virion can spawn one plaque by initiating in a cell and infecting neighboring cells. This is the gold standard for virology, and for influenza, the plaque:particle ration is ~ 1:100. Thus there are lots of non/semi-infectious or defective interfering particles that are produced that are not on their own infectious.",,,,,,,,,,,
80395,2023-04-12 14:58:26,MERS Main Protease (Mpro) Fluorescence Dose Response,,9B69105D7FE5423FA6E698985BB6E3EE,2023-04-13 05:39:49,https://www.protocols.io/view/mers-main-protease-mpro-fluorescence-dose-response-csrjwd4n,True,mers-main-protease-mpro-fluorescence-dose-response-csrjwd4n,[],,,ASAP Discovery,ASAP Discovery,Haim Barr,The Weizmann Institute of Science; ASAP Discovery,Noa Lahav,The Weizmann Institute of Science; ASAP Discovery,,,,MERS Main Protease (Mpro) Fluorescence Dose Response,2023-04-13 05:39:49,,MERS Main Protease (Mpro) Fluorescence Dose Response,2023-04-17 18:27:49,,MERS-CoV Main Protease (Mpro) Fluorescence Dose Response,2023-04-19 14:00:22,dx.doi.org/10.17504/protocols.io.eq2ly7r1rlx9/v4,MERS-CoV  Mpro fluorescence dose response,2024-04-28 13:01:38,"This is a functional, biochemical assay used to identify treatments for viral infectious disease in MERS 3C-like protease.   Utilizing a direct enzyme activity measurement method, the experiment was performed in a 384-well plate reading the fluorescence intensity. This assay tested the mode of action of inhibition. ",dx.doi.org/10.17504/protocols.io.eq2ly7r1rlx9/v5,MERS-CoV Mpro fluorescence dose response for antiviral testing ,2025-06-08 16:06:47,,,,,,,,
80409,2023-04-12 18:36:29,SARS-COV-2 Main Protease (Mpro) Fluorescence Dose Response,,EF3996D0D96011ED8BE173B2C1211558,2023-04-13 05:39:43,https://www.protocols.io/view/sars-cov-2-main-protease-mpro-fluorescence-dose-re-csrzwd76,True,sars-cov-2-main-protease-mpro-fluorescence-dose-re-csrzwd76,[],,,ASAP Discovery,ASAP Discovery,Haim Barr,Weizmann Institute of Science; ASAP Drug Discovery Consortium,Noa Lahav,Weizmann Institute of Science; ASAP Drug Discovery Consortium,,,,SARS-COV-2 Main Protease (Mpro) Fluorescence Dose Response,2023-04-13 05:39:43,,SARS-COV-2 Main Protease (Mpro) Fluorescence Dose Response,2023-04-17 21:16:37,,SARS-CoV-2 Main Protease (Mpro) Fluorescence Dose Response,2023-04-28 18:38:23,dx.doi.org/10.17504/protocols.io.81wgbye9nvpk/v4,SARS-CoV-2 Mpro fluorescence dose response,2024-04-28 12:55:59,"This is a functional, biochemical assay used to identify treatments for viral infectious disease that target SARS-COV-2 Main Protease (MPro). 

Utilizing a direct enzyme activity measurement method, the experiment was performed in a 384-well plate reading the fluorescence intensity. This assay tested the mode of action of inhibition. 
 It was developed at the Weizmann Institute of Science, as a part of the ASAP Drug Discovery Consortium. ",dx.doi.org/10.17504/protocols.io.81wgbye9nvpk/v5,SARS-CoV-2 Mpro fluorescence dose response,2025-06-20 11:17:54,,,,,,,,
80423,2023-04-12 21:13:26,SARS-CoV-2 Macrodomain (Mac1) TR-FRET Dose Response,,CACCC860D97611ED862417EEEE07E88E,2023-04-19 23:22:55,https://www.protocols.io/view/sars-cov-2-macrodomain-mac1-tr-fret-dose-response-cssfwebn,True,sars-cov-2-macrodomain-mac1-tr-fret-dose-response-cssfwebn,[],,,ASAP Discovery,ASAP Discovery,Haim Barr,The Weizmann Institute of Science;ASAP Discovery,Noa Lahav,The Weizmann Institute of Science;ASAP Discovery,,,,SARS-CoV-2 Macrodomain (Mac1) TR-FRET Dose Response,2023-04-19 23:22:55,,SARS-CoV-2 nsp3 Mac1 macrodomain TR-FRET Peptide displacement Assay,2023-04-28 21:56:16,dx.doi.org/10.17504/protocols.io.eq2ly7r2mlx9/v3,SARS-CoV-2 nsp3 macrodomain Time-Resolved FRET peptide displacement assay,2024-04-25 15:04:41,dx.doi.org/10.17504/protocols.io.eq2ly7r2mlx9/v4,SARS-CoV-2 nsp3 macrodomain Time-Resolved FRET peptide displacement assay,2024-10-09 12:25:33,This is a HTRF-based peptide displacement assay  ------------------------------------------------------- Experiment Concentrations (From Stock to Assay)      ReagentStockLoaded into CombiFinal in assay plateUnitsHis-SARS COV2 MAC1183000 5012.5nM Substrate (Biotin-ADPr) 100000001600400nMDetection solution    Streptavidin-XL665 (SA-XL)10.250.125%MAb Anti-6HIS-Eu cryptate Gold1000.250.125%Assay buffer    HEPES pH=7.025025 25 mMNaCl200 20 20 mMBSA0.50.050.05%Tween 20 0.50.050.05%HTRF PPI Europium Detection Buffer1001010 %   ,dx.doi.org/10.17504/protocols.io.eq2ly7r2mlx9/v5,SARS-CoV-2 nsp3 macrodomain Time-Resolved FRET peptide displacement assay,2025-08-09 17:18:29,,,,,,,,
80649,2023-04-17 17:28:49,MERS Main Protease (Mpro) Fluorescence Dose Response,,2FCFCFBD337B4F619157DE706AD5C94C,2023-04-17 18:27:49,https://www.protocols.io/view/mers-main-protease-mpro-fluorescence-dose-response-cszhwf36,True,mers-main-protease-mpro-fluorescence-dose-response-cszhwf36,[],,,ASAP Discovery,ASAP Discovery,Haim Barr,The Weizmann Institute of Science; ASAP Discovery,Noa Lahav,The Weizmann Institute of Science; ASAP Discovery,,,,MERS Main Protease (Mpro) Fluorescence Dose Response,2023-04-13 05:39:49,,MERS Main Protease (Mpro) Fluorescence Dose Response,2023-04-17 18:27:49,,MERS-CoV Main Protease (Mpro) Fluorescence Dose Response,2023-04-19 14:00:22,dx.doi.org/10.17504/protocols.io.eq2ly7r1rlx9/v4,MERS-CoV  Mpro fluorescence dose response,2024-04-28 13:01:38,"This is a functional, biochemical assay used to identify treatments for viral infectious disease in MERS 3C-like protease.   Utilizing a direct enzyme activity measurement method, the experiment was performed in a 384-well plate reading the fluorescence intensity. This assay tested the mode of action of inhibition.   Experiment Concentrations (From Stock to Assay)    Assau Buffer Concentrations     ",dx.doi.org/10.17504/protocols.io.eq2ly7r1rlx9/v5,MERS-CoV Mpro fluorescence dose response for antiviral testing ,2025-06-08 16:06:47,,,,,,,,
80656,2023-04-17 19:30:46,SARS-COV-2 Main Protease (Mpro) Fluorescence Dose Response,,A0B0F74E85C44ACC98D179684182DCBF,2023-04-17 21:16:37,https://www.protocols.io/view/sars-cov-2-main-protease-mpro-fluorescence-dose-re-cszqwf5w,True,sars-cov-2-main-protease-mpro-fluorescence-dose-re-cszqwf5w,[],,,ASAP Discovery,ASAP Discovery,Haim Barr,Weizmann Institute of Science; ASAP Drug Discovery Consortium,Noa Lahav,Weizmann Institute of Science; ASAP Drug Discovery Consortium,,,,SARS-COV-2 Main Protease (Mpro) Fluorescence Dose Response,2023-04-13 05:39:43,,SARS-COV-2 Main Protease (Mpro) Fluorescence Dose Response,2023-04-17 21:16:37,,SARS-CoV-2 Main Protease (Mpro) Fluorescence Dose Response,2023-04-28 18:38:23,dx.doi.org/10.17504/protocols.io.81wgbye9nvpk/v4,SARS-CoV-2 Mpro fluorescence dose response,2024-04-28 12:55:59,"This is a functional, biochemical assay used to identify treatments for viral infectious disease that target SARS-COV-2 Main Protease (MPro). 

Utilizing a direct enzyme activity measurement method, the experiment was performed in a 384-well plate reading the fluorescence intensity. This assay tested the mode of action of inhibition. 
 It was developed at the Weizmann Institute of Science, as a part of the ASAP Drug Discovery Consortium.  ------------------------------------------------------- Experiment Concentrations (From Stock to Assay)    Assay Buffer Concentrations (From Stock to Assay)        ",dx.doi.org/10.17504/protocols.io.81wgbye9nvpk/v5,SARS-CoV-2 Mpro fluorescence dose response,2025-06-20 11:17:54,,,,,,,,
80707,2023-04-18 13:54:49,"Flaviviruses (West Nile, Zika, Dengue) NS2B/NS3 Fluorescence Dose Response",,5CD20270DDF011EDA3143FE89FA5F401,2023-04-19 06:56:44,https://www.protocols.io/view/flaviviruses-west-nile-zika-dengue-ns2b-ns3-fluore-cs3bwgin,True,flaviviruses-west-nile-zika-dengue-ns2b-ns3-fluore-cs3bwgin,[],,,ASAP Discovery,ASAP Discovery,Haim Barr,Weizmann Institute of Science; ASAP Drug Discovery Consortium,Noa Lahav,Weizmann Institute of Science; ASAP Drug Discovery Consortium,,,,"Flaviviruses (West Nile, Zika, Dengue) NS2B/NS3 Fluorescence Dose Response",2023-04-19 06:56:44,,"Flaviviruses (West Nile, Zika, Dengue) NS2B/NS3 Fluorescence Dose Response",2023-04-28 21:56:14,dx.doi.org/10.17504/protocols.io.q26g7yebkgwz/v3,"Flaviviruses (West Nile, Zika, Dengue serotypes 1-4) NS2B-NS3 protease fluorescence dose response and single point assay",2025-04-02 13:51:47,dx.doi.org/10.17504/protocols.io.q26g7yebkgwz/v4,"Flaviviruses (West Nile, Zika, Dengue serotypes 1-4) NS2B-NS3 protease fluorescence dose response and single point assay",2025-06-20 14:25:11,"This is a functional, biochemical assay used to identify treatments for viral infectious diseases related to viral Flaviviridae infection, (specifically West Nile, Zika, and Dengue) and targets the conserved NS2B/NS3 protein.  Utilizing a direct enzyme activity measurement method, the experiment was performed in a 384-well plate reading the fluorescence intensity. This assay tested the mode of action of inhibition.     It was developed at the Weizmann Institute of Science, as a part of the ASAP Drug Discovery Consortium.  ------------------------------------------------------- Experiment Concentrations (From Stock to Assay)     Assay Buffer     ",,,,,,,,,,,
80768,2023-04-19 12:34:44,MERS-CoV Main Protease (Mpro) Fluorescence Dose Response,,EED2CCBD889D487CA5D9471D9EB7D348,2023-04-19 14:00:22,https://www.protocols.io/view/mers-cov-main-protease-mpro-fluorescence-dose-resp-cs48wgzw,True,mers-cov-main-protease-mpro-fluorescence-dose-resp-cs48wgzw,"[{'funder_name': 'National Institutes of Health/National Institute Of Allergy and Infectious Diseases (NIH/NIAID)', 'grant_id': 'U19AI171399'}]",National Institutes of Health/National Institute Of Allergy and Infectious Diseases (NIH/NIAID),U19AI171399,Mary-Ann Xavier,Diamond Light Source,Haim Barr,The Weizmann Institute of Science; ASAP Discovery,Noa Lahav,The Weizmann Institute of Science; ASAP Discovery,,,,MERS Main Protease (Mpro) Fluorescence Dose Response,2023-04-13 05:39:49,,MERS Main Protease (Mpro) Fluorescence Dose Response,2023-04-17 18:27:49,,MERS-CoV Main Protease (Mpro) Fluorescence Dose Response,2023-04-19 14:00:22,dx.doi.org/10.17504/protocols.io.eq2ly7r1rlx9/v4,MERS-CoV  Mpro fluorescence dose response,2024-04-28 13:01:38,"This is a functional, biochemical assay used to identify treatments for viral infectious disease in MERS-CoV 3C-like protease.   Utilizing a direct enzyme activity measurement method, the experiment was performed in a 384-well plate reading the fluorescence intensity. This assay tested the mode of action of inhibition.   Final Experiment Concentrations    Final Assay (in plate)  Reagent ConcentrationUnitsMERS Mpro50nMSubstrate550nMHEPES pH=7.320mMNaCl50mMBSA0.1mg/mlTriton X-1000.01%TCEP1mM ",dx.doi.org/10.17504/protocols.io.eq2ly7r1rlx9/v5,MERS-CoV Mpro fluorescence dose response for antiviral testing ,2025-06-08 16:06:47,,,,,,,,
80772,2023-04-19 13:04:13,SARS-CoV-2 Main Protease (Mpro) Fluorescence Dose Response,,DDB7F7FB5E7B4B86B6A0C50D5CDD368E,2023-04-28 18:38:23,https://www.protocols.io/view/sars-cov-2-main-protease-mpro-fluorescence-dose-re-cs5cwg2w,True,sars-cov-2-main-protease-mpro-fluorescence-dose-re-cs5cwg2w,"[{'funder_name': 'National Institutes of Health/National Institute Of Allergy and Infectious Diseases (NIH/NIAID)', 'grant_id': 'U19AI171399'}]",National Institutes of Health/National Institute Of Allergy and Infectious Diseases (NIH/NIAID),U19AI171399,Mary-Ann Xavier,Diamond Light Source,Haim Barr,Weizmann Institute of Science; ASAP Drug Discovery Consortium,Noa Lahav,Weizmann Institute of Science; ASAP Drug Discovery Consortium,,,,SARS-COV-2 Main Protease (Mpro) Fluorescence Dose Response,2023-04-13 05:39:43,,SARS-COV-2 Main Protease (Mpro) Fluorescence Dose Response,2023-04-17 21:16:37,,SARS-CoV-2 Main Protease (Mpro) Fluorescence Dose Response,2023-04-28 18:38:23,dx.doi.org/10.17504/protocols.io.81wgbye9nvpk/v4,SARS-CoV-2 Mpro fluorescence dose response,2024-04-28 12:55:59,"This is a functional, biochemical assay used to identify treatments for viral infectious disease that target SARS-COV-2 Main Protease (MPro). 

Utilizing a direct enzyme activity measurement method, the experiment was performed in a 384-well plate reading the fluorescence intensity. This assay tested the mode of action of inhibition. 
 It was developed at the Weizmann Institute of Science, as a part of the ASAP Drug Discovery Consortium.  ------------------------------------------------------- Experiment Assay Concentrations     ",dx.doi.org/10.17504/protocols.io.81wgbye9nvpk/v5,SARS-CoV-2 Mpro fluorescence dose response,2025-06-20 11:17:54,,,,,,,,
81065,2023-04-26 15:06:24,SARS-CoV-2 nsp3 Mac1 macrodomain TR-FRET Peptide displacement Assay,,A5A4EF5EFFEB4B279A1BF6E6198EAD3E,2023-04-28 21:56:16,https://www.protocols.io/view/sars-cov-2-nsp3-mac1-macrodomain-tr-fret-peptide-d-ctehwjb6,True,sars-cov-2-nsp3-mac1-macrodomain-tr-fret-peptide-d-ctehwjb6,"[{'funder_name': 'National Institutes of Health/National Institute Of Allergy and Infectious Diseases (NIH/NIAID)', 'grant_id': 'U19AI171399'}]",National Institutes of Health/National Institute Of Allergy and Infectious Diseases (NIH/NIAID),U19AI171399,Mary-Ann Xavier,Diamond Light Source,Haim Barr,The Weizmann Institute of Science;ASAP Discovery,Noa Lahav,Weizmann Institute ,,,,SARS-CoV-2 Macrodomain (Mac1) TR-FRET Dose Response,2023-04-19 23:22:55,,SARS-CoV-2 nsp3 Mac1 macrodomain TR-FRET Peptide displacement Assay,2023-04-28 21:56:16,dx.doi.org/10.17504/protocols.io.eq2ly7r2mlx9/v3,SARS-CoV-2 nsp3 macrodomain Time-Resolved FRET peptide displacement assay,2024-04-25 15:04:41,dx.doi.org/10.17504/protocols.io.eq2ly7r2mlx9/v4,SARS-CoV-2 nsp3 macrodomain Time-Resolved FRET peptide displacement assay,2024-10-09 12:25:33,This is a HTRF-based peptide displacement assay  ------------------------------------------------------- Experiment Concentrations (From Stock to Assay)      ReagentStockLoaded into CombiFinal in assay plateUnitsHis-SARS COV2 MAC1183000 5012.5nM Substrate (Biotin-ADPr) 100000001600400nMDetection solution    Streptavidin-XL665 (SA-XL)10.250.125%MAb Anti-6HIS-Eu cryptate Gold1000.250.125%Assay buffer    HEPES pH=7.025025 25 mMNaCl200 20 20 mMBSA0.50.050.05%Tween 20 0.50.050.05%HTRF PPI Europium Detection Buffer1001010 % -------------------------------------------------------  Compound Plate Design for Dose Response:     Total Assay Volume: 16 µL     Compounds Top Assay Concentration: 100 µM     Dilution Factor: 3     Dose Response Points: 10     Number of Replicates: 2     Backfill with DMSO: Yes  Compounds Plate Design for 2-Point Assay:     Total Assay Volume: 16 µL     Compounds Assay Concentration: 100 µM and 50µM     Dilution Factor: 2     Dose Response Points: 2     Number of Replicates: 2     Backfill with DMSO: Yes  ,dx.doi.org/10.17504/protocols.io.eq2ly7r2mlx9/v5,SARS-CoV-2 nsp3 macrodomain Time-Resolved FRET peptide displacement assay,2025-08-09 17:18:29,,,,,,,,
81171,2023-04-28 19:38:39,"Flaviviruses (West Nile, Zika, Dengue) NS2B/NS3 Fluorescence Dose Response",,1A88E25B42764C749526D1AD4CA5D45C,2023-04-28 21:56:14,https://www.protocols.io/view/flaviviruses-west-nile-zika-dengue-ns2b-ns3-fluore-cthtwj6n,True,flaviviruses-west-nile-zika-dengue-ns2b-ns3-fluore-cthtwj6n,"[{'funder_name': 'National Institutes of Health/National Institute Of Allergy and Infectious Diseases (NIH/NIAID)', 'grant_id': 'U19AI171399'}]",National Institutes of Health/National Institute Of Allergy and Infectious Diseases (NIH/NIAID),U19AI171399,Noa Lahav,Weizmann Institute ,Haim Barr,Weizmann Institute of Science; ASAP Drug Discovery Consortium,Noa Lahav,Weizmann Institute of Science; ASAP Drug Discovery Consortium,,,,"Flaviviruses (West Nile, Zika, Dengue) NS2B/NS3 Fluorescence Dose Response",2023-04-19 06:56:44,,"Flaviviruses (West Nile, Zika, Dengue) NS2B/NS3 Fluorescence Dose Response",2023-04-28 21:56:14,dx.doi.org/10.17504/protocols.io.q26g7yebkgwz/v3,"Flaviviruses (West Nile, Zika, Dengue serotypes 1-4) NS2B-NS3 protease fluorescence dose response and single point assay",2025-04-02 13:51:47,dx.doi.org/10.17504/protocols.io.q26g7yebkgwz/v4,"Flaviviruses (West Nile, Zika, Dengue serotypes 1-4) NS2B-NS3 protease fluorescence dose response and single point assay",2025-06-20 14:25:11,"This is a functional, biochemical assay used to identify treatments for viral infectious diseases related to viral Flaviviridae infection, (specifically West Nile, Zika, and Dengue) and targets the conserved NS2B/NS3 protein.  Utilizing a direct enzyme activity measurement method, the experiment was performed in a 384-well plate reading the fluorescence intensity. This assay tested the mode of action of inhibition.     It was developed at the Weizmann Institute of Science, as a part of the ASAP Drug Discovery Consortium.  ------------------------------------------------------- Experiment Concentrations (From Stock to Assay)     Assay Buffer   ------------------------------------------------------- Compound Plate Design for Dose Response:         Total assay volume: 20 µL         Compounds top assay concentration: 60 µM         Dilution factor: 2         Dose response points: 12         Number of replicates: 2         Backfill with DMSO: yes  Compounds Plate Design for 2-Point Assay:         Total Assay Volume: 16 µL         Compounds Assay Concentration: 100 µM and 50 µM
        Dilution Factor: 2
        Dose Response Points: 2
        Number of Replicates: 2         Backfill with DMSO: Yes ",,,,,,,,,,,
82635,2023-05-30 13:12:10,MERS-CoV Mpro fluorescence dose response for antiviral testing ,dx.doi.org/10.17504/protocols.io.eq2ly7r1rlx9/v5,95B993CCFEEB11EDB9BC0A58A9FEAC02,2025-06-08 16:06:47,https://www.protocols.io/view/mers-cov-mpro-fluorescence-dose-response-for-antiv-cuxjwxkn,True,mers-cov-mpro-fluorescence-dose-response-for-antiv-cuxjwxkn,"[{'funder_name': 'National Institutes of Health/National Institute Of Allergy and Infectious Diseases (NIH/NIAID)', 'grant_id': 'U19AI171399'}]",National Institutes of Health/National Institute Of Allergy and Infectious Diseases (NIH/NIAID),U19AI171399,Noa Lahav,Weizmann Institute ,Haim Barr,Weizmann Institute of Science; ASAP Discovery Consortium,Noa Lahav,Weizmann Institute of Science; ASAP Discovery Consortium,,,,MERS Main Protease (Mpro) Fluorescence Dose Response,2023-04-13 05:39:49,,MERS Main Protease (Mpro) Fluorescence Dose Response,2023-04-17 18:27:49,,MERS-CoV Main Protease (Mpro) Fluorescence Dose Response,2023-04-19 14:00:22,dx.doi.org/10.17504/protocols.io.eq2ly7r1rlx9/v4,MERS-CoV  Mpro fluorescence dose response,2024-04-28 13:01:38,"This is a functional, biochemical assay used to identify treatments for viral infectious disease in MERS-CoV 3C-like protease.   Utilizing a direct enzyme activity measurement method, the experiment was performed in a 384-well plate reading the fluorescence intensity. This assay tested the mode of action of inhibition.  This assay can run as dose response or single point as described in the guidelines tab. Final Experiment Concentrations    Final Assay (in plate)  Reagent ConcentrationUnitsMERS Mpro50nMSubstrate550nMHEPES pH=7.320mMNaCl50mMBSA0.1mg/mlTriton X-1000.01%TCEP1mM ",dx.doi.org/10.17504/protocols.io.eq2ly7r1rlx9/v5,MERS-CoV Mpro fluorescence dose response for antiviral testing ,2025-06-08 16:06:47,,,,,,,,
87512,2023-09-07 16:18:34,ASAP protocol: Crystallization of Enterovirus A71 3C protease (PDB code 8CNY),dx.doi.org/10.17504/protocols.io.yxmvm3e89l3p/v1,BD0EEA491C6F43448B72199C7703559F,2023-12-19 15:08:44,https://www.protocols.io/view/asap-protocol-crystallization-of-enterovirus-a71-3-czpyx5pw,True,asap-protocol-crystallization-of-enterovirus-a71-3-czpyx5pw,"[{'funder_name': 'National Institutes of Health/National Institute Of Allergy and Infectious Diseases (NIH/NIAID)', 'grant_id': 'Grant ID: U19AI171399'}]",National Institutes of Health/National Institute Of Allergy and Infectious Diseases (NIH/NIAID),Grant ID: U19AI171399,Lizbé Koekemoer,University of Oxford,Ryan Lithgo,"XChem, Diamond Light Source; Research complex at Harwell",Peter Marples,"XChem, Diamond Light Source; Research complex at Harwell",Lizbé Koekemoer,"Centre of Medicines Discovery, University of Oxford",dx.doi.org/10.17504/protocols.io.yxmvm3e89l3p/v1,ASAP protocol: Crystallization of Enterovirus A71 3C protease (PDB code 8CNY),2023-12-19 15:08:44,dx.doi.org/10.17504/protocols.io.yxmvm3e89l3p/v2,Crystallization of Enterovirus A71 3C protease in C2221  apo structure (PDB 8CNY),2025-04-30 12:08:15,,,,,,,The crystallization protocol and buffer conditions used to obtain Enterovirus A71 3C protease crystals. The crystal structure was depostited to RCSB PDB with code 8CNY.,,,,Daren Fearon,Diamond Light Source,,,,,,
88908,2023-10-06 10:29:02,Diamond XChem Seeding Protocol,dx.doi.org/10.17504/protocols.io.kxygx3nwog8j/v1,1480E1046116409A972C1D62F4C70DF0,2023-12-19 11:55:21,https://www.protocols.io/view/diamond-xchem-seeding-protocol-c23kygkw,True,diamond-xchem-seeding-protocol-c23kygkw,"[{'funder_name': 'National Institutes of Health/National Institute Of Allergy and Infectious Diseases (NIH/NIAID)', 'grant_id': 'U19AI171399'}]",National Institutes of Health/National Institute Of Allergy and Infectious Diseases (NIH/NIAID),U19AI171399,Peter Marples,Diamond Light Source,Peter Marples,Diamond Light Source,Charlie Tomlinson,Diamond Light Source,Daren Fearon,Diamond Light Source,dx.doi.org/10.17504/protocols.io.kxygx3nwog8j/v1,Diamond XChem Seeding Protocol,2023-12-19 11:55:21,,,,,,,,,,The use of seeding in protein crystallisation is a highly effective method for increasing the quantity of usable crystals from a single plate and can be crucial for obtaining crystals in a highly reproducible  manner. Even crystallisation experiments which did not previously require seeding can benefit from  the use of seeds when transferring protocols between labs.,,,,,,,,,,,
90184,2023-10-30 10:21:05,Parallel rapid expression and purification of proteins for crystallography (PREPX): large scale 1 L cultures,dx.doi.org/10.17504/protocols.io.yxmvm35zbl3p/v1,B2F3852777F211EE866B0A58A9FEAC02,2023-12-21 15:43:13,https://www.protocols.io/view/parallel-rapid-expression-and-purification-of-prot-c4bgysjw,True,parallel-rapid-expression-and-purification-of-prot-c4bgysjw,[],,,Lizbé Koekemoer,University of Oxford,Michael Fairhead,university of oxford,,,,,dx.doi.org/10.17504/protocols.io.yxmvm35zbl3p/v1,Parallel rapid expression and purification of proteins for crystallography (PREPX): large scale 1 L cultures,2023-12-21 15:43:13,dx.doi.org/10.17504/protocols.io.yxmvm35zbl3p/v2,Parallel rapid expression and purification of proteins for crystallography (PREPX): 48x 100 mL cultures,2024-02-08 12:17:02,,,,,,,"This protocol details the parallel rapid expression and purification of proteins for crystallography (PREPX) at a 1 L culture scale. Recombinant proteins are expressed in Escherichia coli using the autoinduction method and then purified in parallel using a IMAC, desalt, tag cleavage, reverse IMAC and gel filtration work flow.


",,,,,,,,,,,
92511,2023-12-19 16:13:50,ASAP protocol: Crystallization of Enterovirus D68 3C protease (PDB code 8CNX),dx.doi.org/10.17504/protocols.io.n92ldm6jnl5b/v1,9898DBF69E8911EE885E0A58A9FEAC02,2023-12-19 17:11:02,https://www.protocols.io/view/asap-protocol-crystallization-of-enterovirus-d68-3-c6j7zcrn,True,asap-protocol-crystallization-of-enterovirus-d68-3-c6j7zcrn,"[{'funder_name': 'National Institutes of Health/National Institute Of Allergy and Infectious Diseases (NIH/NIAID)', 'grant_id': 'Grant ID: U19AI171399'}]",National Institutes of Health/National Institute Of Allergy and Infectious Diseases (NIH/NIAID),Grant ID: U19AI171399,Lizbé Koekemoer,University of Oxford,Ryan Lithgo,"XChem, Diamond Light Source; Research complex at Harwell",Peter Marples,"XChem, Diamond Light Source; Research complex at Harwell",Lizbé Koekemoer,"Centre of Medicines Discovery, University of Oxford",dx.doi.org/10.17504/protocols.io.n92ldm6jnl5b/v1,ASAP protocol: Crystallization of Enterovirus D68 3C protease (PDB code 8CNX),2023-12-19 17:11:02,dx.doi.org/10.17504/protocols.io.n92ldm6jnl5b/v2,Crystallisation of Enterovirus D68 3C protease apo structure and fragment screen in space group P212121 (PDB code 8CNX),2025-04-25 10:28:55,,,,,,,The crystallization protocol and buffer conditions used to obtain Enterovirus D68 3C protease crystals suitable for XChem fragment screening. The crystal structure was depostited to RCSB PDB with code 8CNX.,,,,Daren Fearon,Diamond Light Source,,,,,,
93071,2024-01-08 13:16:06,Crystallization of Zika virus NS2B-NS3 protease,dx.doi.org/10.17504/protocols.io.eq2lyj51mlx9/v1,14FC8D39AE2811EE9FCF0A58A9FEAC02,2024-04-26 10:38:14,https://www.protocols.io/view/crystallization-of-zika-virus-ns2b-ns3-protease-c65pzg5n,True,crystallization-of-zika-virus-ns2b-ns3-protease-c65pzg5n,"[{'funder_name': 'National Institutes of Health/National Institute Of Allergy and Infectious Diseases (NIH/NIAID)', 'grant_id': 'Grant ID: U19AI171399'}]",National Institutes of Health/National Institute Of Allergy and Infectious Diseases (NIH/NIAID),Grant ID: U19AI171399,Xiaomin Ni,University of Oxford,Xiaomin Ni,"Centre of Medicines Discovery, University of Oxford",Peter Marples,Diamond Light Source; Research Complex at Harwell,Daren Fearon,Diamond Light Source; Research Complex at Harwell,dx.doi.org/10.17504/protocols.io.eq2lyj51mlx9/v1,Crystallization of Zika virus NS2B-NS3 protease,2024-04-26 10:38:14,dx.doi.org/10.17504/protocols.io.eq2lyj51mlx9/v2,Crystallization of Zika virus NS2B-NS3 protease (closed conformation in space group P4322 | PDB ID: 8PN6),2025-04-17 14:57:37,,,,,,,"Zika virus (ZIKV) infections causes microcephaly in new-borns and Guillain-Barre syndrome in adults raising a global public health concern, yet no vaccines or antiviral drugs are available to treat or prevent ZIKV infections. The viral NS3 protease with its NS2B cofactor is essential for the cleavage of Zika polyprotein precursor into individual structural and non-structural proteins and is therefore an attractive drug target. We optimized a robust crystal system of co-expressed NS3 protease with its NS2B cofactor and used this in a crystallographic fragment screening campaign.",,,,Lizbé Koekemoer,"Centre of Medicines Discovery, University of Oxford",,,,,,
94391,2024-01-30 12:07:48,Parallel rapid expression and purification of proteins for crystallography (PREPX): large scale 1 L cultures,dx.doi.org/10.17504/protocols.io.4r3l22jkxl1y/v1,2F38563CBF6811EEBBAB0A58A9FEAC02,2024-01-30 12:14:53,https://www.protocols.io/view/parallel-rapid-expression-and-purification-of-prot-c8exztfn,True,parallel-rapid-expression-and-purification-of-prot-c8exztfn,[],,,Michael Fairhead,University of Oxford,Michael Fairhead,university of oxford,,,,,dx.doi.org/10.17504/protocols.io.4r3l22jkxl1y/v1,Parallel rapid expression and purification of proteins for crystallography (PREPX): large scale 1 L cultures,2024-01-30 12:14:53,,,,,,,,,,"This protocol details the parallel rapid expression and purification of proteins for crystallography (PREPX) at a 1 L culture scale. Recombinant proteins are expressed in Escherichia coli using the autoinduction method and then purified in parallel using a IMAC, desalt, tag cleavage, reverse IMAC and gel filtration work flow.


",,,,,,,,,,,
94883,2024-02-08 09:11:02,Parallel rapid expression and purification of proteins for crystallography (PREPX): 48x 100 mL cultures,dx.doi.org/10.17504/protocols.io.yxmvm35zbl3p/v2,FB164B86C66111EEA8750A58A9FEAC02,2024-02-08 12:17:02,https://www.protocols.io/view/parallel-rapid-expression-and-purification-of-prot-c8wbzxan,True,parallel-rapid-expression-and-purification-of-prot-c8wbzxan,[],,,Lizbé Koekemoer,University of Oxford,Michael Fairhead,university of oxford,,,,,dx.doi.org/10.17504/protocols.io.yxmvm35zbl3p/v1,Parallel rapid expression and purification of proteins for crystallography (PREPX): large scale 1 L cultures,2023-12-21 15:43:13,dx.doi.org/10.17504/protocols.io.yxmvm35zbl3p/v2,Parallel rapid expression and purification of proteins for crystallography (PREPX): 48x 100 mL cultures,2024-02-08 12:17:02,,,,,,,"This protocol details the parallel rapid expression and purification of 24x proteins for crystallography (PREPX) at 100 mL culture scale. Recombinant proteins are expressed in Escherichia coli using the autoinduction method and then purified in parallel using a IMAC, desalt, tag cleavage, reverse IMAC and gel filtration work flow.  ",,,,,,,,,,,
97835,2024-04-05 14:25:53,SARS-CoV-2 nsp3 macrodomain Time-Resolved FRET peptide displacement assay,dx.doi.org/10.17504/protocols.io.eq2ly7r2mlx9/v3,687CC98DF35811EEAF4E0A58A9FEAC02,2024-04-25 15:04:41,https://www.protocols.io/view/sars-cov-2-nsp3-macrodomain-time-resolved-fret-pep-dbsj2ncn,True,sars-cov-2-nsp3-macrodomain-time-resolved-fret-pep-dbsj2ncn,"[{'funder_name': 'National Institutes of Health/National Institute Of Allergy and Infectious Diseases (NIH/NIAID)', 'grant_id': 'U19AI171399'}]",National Institutes of Health/National Institute Of Allergy and Infectious Diseases (NIH/NIAID),U19AI171399,Noa Lahav,Weizmann Institute ,Haim Barr,The Weizmann Institute of Science;ASAP Discovery,Noa Lahav,The Weizmann Institute of Science;ASAP Discovery,,,,SARS-CoV-2 Macrodomain (Mac1) TR-FRET Dose Response,2023-04-19 23:22:55,,SARS-CoV-2 nsp3 Mac1 macrodomain TR-FRET Peptide displacement Assay,2023-04-28 21:56:16,dx.doi.org/10.17504/protocols.io.eq2ly7r2mlx9/v3,SARS-CoV-2 nsp3 macrodomain Time-Resolved FRET peptide displacement assay,2024-04-25 15:04:41,dx.doi.org/10.17504/protocols.io.eq2ly7r2mlx9/v4,SARS-CoV-2 nsp3 macrodomain Time-Resolved FRET peptide displacement assay,2024-10-09 12:25:33,"This protocol details the Time-Resolved FRET (TR-FRET) assay for SARS-CoV-2 nsp3 macrodomain (Mac1) binding of adenosine diphosphate (ADP)–ribosylated (ADPr) peptide. This method is intended to measure the activity of Mac1 by using a specific ADPr-modified peptide that allows the detection of binding. When bound, the biotinylated-peptide and the HIS-tagged Mac1 form a proximity complex that is detected by TR-FRET using Streptavidin-Eu Cryptate and anti-HIS-XL665 as a donor/acceptor pair. Excitation of the Eu Cryptate complex at 325 nm emits a resonant energy of 625 nm which in turn excites the XL665 to emit fluorescence at 665 nm. This energy transfer occurs only when ADPr modified peptide is in sufficient proximity to Mac1 and inhibitors which displace the peptide will prevent energy transfer. Binding activity is reported as the ratio of Acceptor/Donor (Em/Em) X 10,000. ------------------------------------------------------- Experiment Concentrations (From Stock to Assay)      ReagentStockLoaded into CombiFinal in assay plateUnitsHis-SARS COV2 MAC1183000 5012.5nM Substrate (Biotin-ADPr) 100000001600400nMDetection solution    Streptavidin-XL665 (SA-XL)10.250.125%MAb Anti-6HIS-Eu cryptate Gold1000.250.125%Assay buffer    HEPES pH=7.025025 25 mMNaCl200 20 20 mMBSA0.50.050.05%Tween 20 0.50.050.05%HTRF PPI Europium Detection Buffer1001010 % -------------------------------------------------------  Compound Plate Design for Dose Response:     Total Assay Volume: 16 µL     Compounds Top Assay Concentration: 100 µM     Dilution Factor: 3     Dose Response Points: 10     Number of Replicates: 2     Backfill with DMSO: Yes  Compounds Plate Design for 2-Point Assay:     Total Assay Volume: 16 µL     Compounds Assay Concentration: 100 µM and 50 µM     Dilution Factor: 2     Dose Response Points: 2     Number of Replicates: 2     Backfill with DMSO: Yes  ",dx.doi.org/10.17504/protocols.io.eq2ly7r2mlx9/v5,SARS-CoV-2 nsp3 macrodomain Time-Resolved FRET peptide displacement assay,2025-08-09 17:18:29,,,,,,,,
98125,2024-04-12 13:26:29,"Flaviviruses (West Nile, Zika, Dengue serotypes 1-4) NS2B-NS3 protease fluorescence dose response and single point assay",dx.doi.org/10.17504/protocols.io.q26g7yebkgwz/v3,454E9641F8D011EE99240A58A9FEAC02,2025-04-02 13:51:47,https://www.protocols.io/view/flaviviruses-west-nile-zika-dengue-serotypes-1-4-n-db3m2qk6,True,flaviviruses-west-nile-zika-dengue-serotypes-1-4-n-db3m2qk6,"[{'funder_name': 'National Institutes of Health/National Institute Of Allergy and Infectious Diseases (NIH/NIAID)', 'grant_id': 'U19AI171399'}]",National Institutes of Health/National Institute Of Allergy and Infectious Diseases (NIH/NIAID),U19AI171399,Noa Lahav,Weizmann Institute ,Haim Barr,Weizmann Institute of Science; ASAP Discovery Consortium,Noa Lahav,Weizmann Institute of Science; ASAP Discovery Consortium,,,,"Flaviviruses (West Nile, Zika, Dengue) NS2B/NS3 Fluorescence Dose Response",2023-04-19 06:56:44,,"Flaviviruses (West Nile, Zika, Dengue) NS2B/NS3 Fluorescence Dose Response",2023-04-28 21:56:14,dx.doi.org/10.17504/protocols.io.q26g7yebkgwz/v3,"Flaviviruses (West Nile, Zika, Dengue serotypes 1-4) NS2B-NS3 protease fluorescence dose response and single point assay",2025-04-02 13:51:47,dx.doi.org/10.17504/protocols.io.q26g7yebkgwz/v4,"Flaviviruses (West Nile, Zika, Dengue serotypes 1-4) NS2B-NS3 protease fluorescence dose response and single point assay",2025-06-20 14:25:11,"This is a functional, biochemical assay used to identify treatments for viral infectious diseases related to Flavivirus infection, (specifically West Nile, Zika, and Dengue) and targets the conserved NS2B-NS3 protein.  Utilizing a direct enzyme activity measurement method, the experiment was performed in a 384-well plate reading the fluorescence intensity. This assay tested the mode of action of inhibition.    Initial screening was conducted with 2 compound concentrations to determine %inhibition, followed by dose response for IC50 measurement (as specified below). In each run a reference compound was added to verify the assay reliability and robustness.  Assay was developed at the Weizmann Institute of Science, as a part of the ASAP Discovery Consortium.  ------------------------------------------------------- Experiment Concentrations (From Stock to Assay)     Assay Buffer       ------------------------------------------------------- Compound Plate Design for Dose Response:         Total assay volume: 20 µL         Compounds top assay concentration: 100 µM         Dilution factor: 2         Dose response points: 12         Number of replicates: 2         Backfill with DMSO: yes  Compounds Plate Design for 2-Point Assay:         Total Assay Volume: 20 µL         Compounds Assay Concentration: 100 µM and 50 µM
        Dilution Factor: 2
        Dose Response Points: 2
        Number of Replicates: 2         Backfill with DMSO: Yes ",,,,,,,,,,,
98133,2024-04-12 14:53:35,MERS-CoV  Mpro fluorescence dose response,dx.doi.org/10.17504/protocols.io.eq2ly7r1rlx9/v4,70162C39F8DC11EE99240A58A9FEAC02,2024-04-28 13:01:38,https://www.protocols.io/view/mers-cov-mpro-fluorescence-dose-response-db3v2qn6,True,mers-cov-mpro-fluorescence-dose-response-db3v2qn6,"[{'funder_name': 'National Institutes of Health/National Institute Of Allergy and Infectious Diseases (NIH/NIAID)', 'grant_id': 'U19AI171399'}]",National Institutes of Health/National Institute Of Allergy and Infectious Diseases (NIH/NIAID),U19AI171399,Noa Lahav,Weizmann Institute ,Haim Barr,The Weizmann Institute of Science; ASAP Discovery,Noa Lahav,The Weizmann Institute of Science; ASAP Discovery,,,,MERS Main Protease (Mpro) Fluorescence Dose Response,2023-04-13 05:39:49,,MERS Main Protease (Mpro) Fluorescence Dose Response,2023-04-17 18:27:49,,MERS-CoV Main Protease (Mpro) Fluorescence Dose Response,2023-04-19 14:00:22,dx.doi.org/10.17504/protocols.io.eq2ly7r1rlx9/v4,MERS-CoV  Mpro fluorescence dose response,2024-04-28 13:01:38,"This is a functional, biochemical assay used to identify treatments for viral infectious disease in MERS-CoV 3C-like protease.  Utilizing a direct enzyme activity measurement method, the experiment was performed in a 384-well plate reading the fluorescence intensity. This assay tested the mode of action of inhibition.   Final Experiment Concentrations    Final Assay (in plate)  Reagent ConcentrationUnitsMERS Mpro50nMSubstrate550nMHEPES pH=7.320mMNaCl50mMBSA0.1mg/mlTriton X-1000.01%TCEP1mM ",dx.doi.org/10.17504/protocols.io.eq2ly7r1rlx9/v5,MERS-CoV Mpro fluorescence dose response for antiviral testing ,2025-06-08 16:06:47,,,,,,,,
98134,2024-04-12 15:13:08,SARS-CoV-2 Mpro fluorescence dose response,dx.doi.org/10.17504/protocols.io.81wgbye9nvpk/v4,2B84DCB2F8DF11EE99240A58A9FEAC02,2024-04-28 12:55:59,https://www.protocols.io/view/sars-cov-2-mpro-fluorescence-dose-response-db3w2qpe,True,sars-cov-2-mpro-fluorescence-dose-response-db3w2qpe,"[{'funder_name': 'National Institutes of Health/National Institute Of Allergy and Infectious Diseases (NIH/NIAID)', 'grant_id': 'U19AI171399'}]",National Institutes of Health/National Institute Of Allergy and Infectious Diseases (NIH/NIAID),U19AI171399,Noa Lahav,Weizmann Institute ,Haim Barr,Weizmann Institute of Science; ASAP Drug Discovery Consortium,Noa Lahav,Weizmann Institute of Science; ASAP Drug Discovery Consortium,,,,SARS-COV-2 Main Protease (Mpro) Fluorescence Dose Response,2023-04-13 05:39:43,,SARS-COV-2 Main Protease (Mpro) Fluorescence Dose Response,2023-04-17 21:16:37,,SARS-CoV-2 Main Protease (Mpro) Fluorescence Dose Response,2023-04-28 18:38:23,dx.doi.org/10.17504/protocols.io.81wgbye9nvpk/v4,SARS-CoV-2 Mpro fluorescence dose response,2024-04-28 12:55:59,"This is a functional, biochemical assay used to identify treatments for viral infectious disease that target SARS-COV-2 Main Protease (MPro). 

Utilizing a direct enzyme activity measurement method, the experiment was performed in a 384-well plate reading the fluorescence intensity. This assay tested the mode of action of inhibition. 
 It was developed at the Weizmann Institute of Science, as a part of the ASAP Drug Discovery Consortium.  ------------------------------------------------------- Experiment Assay Concentrations     ",dx.doi.org/10.17504/protocols.io.81wgbye9nvpk/v5,SARS-CoV-2 Mpro fluorescence dose response,2025-06-20 11:17:54,,,,,,,,
98385,2024-04-18 09:43:19,Enterovirus D68 3C protease small scale expression and purification protocol,dx.doi.org/10.17504/protocols.io.dm6gpzrkdlzp/v1,16BC5C1EFD6811EE87410A58A9FEAC02,2024-04-26 12:46:41,https://www.protocols.io/view/enterovirus-d68-3c-protease-small-scale-expression-dcbr2sm6,True,enterovirus-d68-3c-protease-small-scale-expression-dcbr2sm6,"[{'funder_name': 'National Institutes of Health/National Institute Of Allergy and Infectious Diseases (NIH/NIAID)', 'grant_id': 'U19AI171432'}]",National Institutes of Health/National Institute Of Allergy and Infectious Diseases (NIH/NIAID),U19AI171432,SiYi Wang,CMD,SiYi Wang,"Center of Medicines Discovery, University of Oxford",Michael Fairhead,"Center of Medicines Discovery, University of Oxford",Eleanor Williams,"Center of Medicines Discovery, University of Oxford",dx.doi.org/10.17504/protocols.io.dm6gpzrkdlzp/v1,Enterovirus D68 3C protease small scale expression and purification protocol,2024-04-26 12:46:41,dx.doi.org/10.17504/protocols.io.dm6gpzrkdlzp/v2, Enterovirus D68 3C protease small scale expression and purification protocol,2025-04-22 13:11:20,,,,,,,"This protocol details the expression and purification of enterovirus D68 3C protease construct bearing a C-terminal His-tag at small scale (<6L).
",,,,,,,,,,,
98402,2024-04-18 13:00:15, SARS-CoV-2 Mpro small scale expression and purification protocol,dx.doi.org/10.17504/protocols.io.rm7vzj8p8lx1/v1,997A9CB3FD8311EE90640A58A9FEAC02,2024-04-26 13:18:33,https://www.protocols.io/view/sars-cov-2-mpro-small-scale-expression-and-purifi-dcca2sse,True,sars-cov-2-mpro-small-scale-expression-and-purifi-dcca2sse,"[{'funder_name': 'National Institutes of Health/National Institute Of Allergy and Infectious Diseases (NIH/NIAID)', 'grant_id': 'U19AI171432'}]",National Institutes of Health/National Institute Of Allergy and Infectious Diseases (NIH/NIAID),U19AI171432,SiYi Wang,CMD,SiYi Wang,"Centre for Medicines Discovery, University of Oxford",Michael Fairhead,"Centre for Medicines Discovery, University of Oxford",Eleanor Williams,"Centre for Medicines Discovery, University of Oxford",dx.doi.org/10.17504/protocols.io.rm7vzj8p8lx1/v1, SARS-CoV-2 Mpro small scale expression and purification protocol,2024-04-26 13:18:33,dx.doi.org/10.17504/protocols.io.rm7vzj8p8lx1/v2, SARS-CoV-2 Mpro small scale expression and purification protocol,2025-06-20 11:13:18,,,,,,,"This protocol details the expression and purification of SARS Mpro construct bearing a N-terminal His-SUMO tag at small scale (<6L).
",,,,,,,,,,,
98411,2024-04-18 14:22:01,Enterovirus D68 3C protease large scale purification protocol,dx.doi.org/10.17504/protocols.io.n92ld8yd7v5b/v1,05FD66E1FD8F11EE90640A58A9FEAC02,2024-04-26 13:24:47,https://www.protocols.io/view/enterovirus-d68-3c-protease-large-scale-purificati-dccj2sun,True,enterovirus-d68-3c-protease-large-scale-purificati-dccj2sun,"[{'funder_name': 'National Institutes of Health/National Institute Of Allergy and Infectious Diseases (NIH/NIAID)', 'grant_id': 'U19AI171432'}]",National Institutes of Health/National Institute Of Allergy and Infectious Diseases (NIH/NIAID),U19AI171432,SiYi Wang,CMD,SiYi Wang,"Centre for Medicines Discovery, University of Oxford",Michael Fairhead,"Centre for Medicines Discovery, University of Oxford",Eleanor Williams,"Centre for Medicines Discovery, University of Oxford",dx.doi.org/10.17504/protocols.io.n92ld8yd7v5b/v1,Enterovirus D68 3C protease large scale purification protocol,2024-04-26 13:24:47,dx.doi.org/10.17504/protocols.io.n92ld8yd7v5b/v2,Enterovirus D68 3C protease large scale purification protocol,2025-07-29 09:10:29,,,,,,,"This protocol details the expression and purification of enterovirus D68 3C protease construct bearing a C-terminal His-tag at large scale (>6L)
",,,,,,,,,,,
98596,2024-04-22 12:46:33,MERS-CoV Mpro large scale purification protocol,dx.doi.org/10.17504/protocols.io.bp2l62b11gqe/v1,5908C3A400A611EF9AFA0A58A9FEAC02,2024-04-26 13:36:07,https://www.protocols.io/view/mers-cov-mpro-large-scale-purification-protocol-dcic2uaw,True,mers-cov-mpro-large-scale-purification-protocol-dcic2uaw,"[{'funder_name': 'National Institutes of Health/National Institute Of Allergy and Infectious Diseases (NIH/NIAID)', 'grant_id': 'U19AI171432'}]",National Institutes of Health/National Institute Of Allergy and Infectious Diseases (NIH/NIAID),U19AI171432,SiYi Wang,CMD,SiYi Wang,Centre for Medicines Discovery. University of Oxford,Michael Fairhead,Centre for Medicines Discovery. University of Oxford,Eleanor Williams,Centre for Medicines Discovery. University of Oxford,dx.doi.org/10.17504/protocols.io.bp2l62b11gqe/v1,MERS-CoV Mpro large scale purification protocol,2024-04-26 13:36:07,dx.doi.org/10.17504/protocols.io.bp2l62b11gqe/v2,MERS-CoV Mpro large scale purification protocol,2025-06-20 11:05:28,,,,,,,"This protocol details the expression and purification of MERS Mpro construct bearing a N-terminal His-SUMO tag at large scale (>6L).
",,,,,,,,,,,
98602,2024-04-22 14:12:24,Enterovirus coxsackievirus A16 2A protease small scale expression and purification protocol,dx.doi.org/10.17504/protocols.io.rm7vzj3y5lx1/v1,57C82E9700B211EF9AFA0A58A9FEAC02,2024-04-26 14:01:43,https://www.protocols.io/view/enterovirus-coxsackievirus-a16-2a-protease-small-s-dcii2uce,True,enterovirus-coxsackievirus-a16-2a-protease-small-s-dcii2uce,"[{'funder_name': 'National Institutes of Health/National Institute Of Allergy and Infectious Diseases (NIH/NIAID)', 'grant_id': 'U19AI171432'}]",National Institutes of Health/National Institute Of Allergy and Infectious Diseases (NIH/NIAID),U19AI171432,SiYi Wang,CMD,SiYi Wang,"Centre for Medicines Discovery, University of Oxford",Michael Fairhead,"Centre for Medicines Discovery, University of Oxford",Eleanor Williams,"Centre for Medicines Discovery, University of Oxford",dx.doi.org/10.17504/protocols.io.rm7vzj3y5lx1/v1,Enterovirus coxsackievirus A16 2A protease small scale expression and purification protocol,2024-04-26 14:01:43,dx.doi.org/10.17504/protocols.io.rm7vzj3y5lx1/v2,Enterovirus coxsackievirus A16 2A protease small scale expression and purification protocol,2024-06-12 13:20:08,dx.doi.org/10.17504/protocols.io.rm7vzj3y5lx1/v3,Enterovirus coxsackievirus A16 2A protease small scale expression and purification protocol,2025-04-22 13:05:52,,,,"This protocol details the expression and purification of coxsackievirus A16 2A protease construct bearing a N-terminal His-SUMO tag at small scale (<6L).
 Picornaviridae Enterovirus coxsackievirus A16 (CVA16)",,,,,,,,,,,
98726,2024-04-24 13:07:12,DENV2 NS2B-NS3 protease co-expression construct small scale expression and purification protocol,dx.doi.org/10.17504/protocols.io.rm7vzj362lx1/v1,90D89089023B11EFAFAC0A58A9FEAC02,2024-04-26 15:56:57,https://www.protocols.io/view/denv2-ns2b-ns3-protease-co-expression-construct-sm-dcne2vbe,True,denv2-ns2b-ns3-protease-co-expression-construct-sm-dcne2vbe,"[{'funder_name': 'National Institutes of Health/National Institute Of Allergy and Infectious Diseases (NIH/NIAID)', 'grant_id': 'U19AI171432'}]",National Institutes of Health/National Institute Of Allergy and Infectious Diseases (NIH/NIAID),U19AI171432,SiYi Wang,CMD,SiYi Wang,"Centre for Medicines Discovery, University of Oxford",Michael Fairhead,"Centre for Medicines Discovery, University of Oxford",Eleanor Williams,"Centre for Medicines Discovery, University of Oxford",dx.doi.org/10.17504/protocols.io.rm7vzj362lx1/v1,DENV2 NS2B-NS3 protease co-expression construct small scale expression and purification protocol,2024-04-26 15:56:57,dx.doi.org/10.17504/protocols.io.rm7vzj362lx1/v2,DENV2 NS2B-NS3 protease co-expression construct small scale expression and purification protocol,2024-06-03 13:32:02,,[New version XX01D2VNS2BA-c003] Dengue virus serotype 2 NS2B-NS3 protease co-expression construct small scale expression and purification protocol,,dx.doi.org/10.17504/protocols.io.rm7vzj362lx1/v3,DENV2 NS2B-NS3 protease co-expression construct small scale expression and purification protocol,2024-06-10 12:49:33,"This protocol details the co-expression and purification of DENV2 NS2B-NS3 protease construct bearing a N-terminal His-GST tag at small scale (<6L).
",,,,,,,,,,,
98776,2024-04-25 08:25:38,XChem solvent test,dx.doi.org/10.17504/protocols.io.5jyl82518l2w/v1,0B8AA1341E6D4785B498E8D08A5948DB,2025-02-18 15:48:06,https://www.protocols.io/view/xchem-solvent-test-dcpy2vpw,True,xchem-solvent-test-dcpy2vpw,"[{'funder_name': 'National Institutes of Health/National Institute Of Allergy and Infectious Diseases (NIH/NIAID)', 'grant_id': 'U19AI171399'}]",National Institutes of Health/National Institute Of Allergy and Infectious Diseases (NIH/NIAID),U19AI171399,Peter Marples,Diamond Light Source,Peter Marples,Diamond Light Source; Research Complex at Harwell; ASAP Discovery Consortium,Daren Fearon,Diamond Light Source; Research Complex at Harwell; ASAP Discovery Consortium,Blake Balcomb,Diamond Light Source; Research Complex at Harwell; ASAP Discovery Consortium,dx.doi.org/10.17504/protocols.io.5jyl82518l2w/v1,XChem solvent test,2025-02-18 15:48:06,,,,,,,,,,"The XChem Facility at Diamond Light Source provides routine, large scale crystal graphic fragment screening, supporting the entire crystal to deposition process. X-ray crystallography is an essential part to the FBDD toolkit. It is sensitive enough to identify weak binders and directly yields structural information about the interactions on a molecular level. Here were summarise a generic solvent test protocol necessary for identifying soaking conditions for fragment screening.",,,,,,,,,,,
98783,2024-04-23 09:16:40,Master_Setup and Operation of Single Use (SUB) Bubble Column Reactors (BCR): Litre-Scale Expression of Recombinant Proteins for Structural Biology and Drug Design (SBDD).,dx.doi.org/10.17504/protocols.io.n92ld897ov5b/v1,26E3356E030011EF953C0A58A9FEAC02,2025-05-27 07:24:29,https://www.protocols.io/view/master-setup-and-operation-of-single-use-sub-bubbl-dcp72vrn,True,master-setup-and-operation-of-single-use-sub-bubbl-dcp72vrn,"[{'funder_name': 'National Institutes of Health/National Institute Of Allergy and Infectious Diseases (NIH/NIAID)', 'grant_id': ' U19AI171399'}]",National Institutes of Health/National Institute Of Allergy and Infectious Diseases (NIH/NIAID), U19AI171399,Mary-Ann Xavier,Diamond Light Source,Nathan Wright,University of Oxford,,,,,dx.doi.org/10.17504/protocols.io.n92ld897ov5b/v1,Master_Setup and Operation of Single Use (SUB) Bubble Column Reactors (BCR): Litre-Scale Expression of Recombinant Proteins for Structural Biology and Drug Design (SBDD).,2025-05-27 07:24:29,,,,,,,,,,"Structure-Based Drug Discovery (SBDD) is an approach to drug design which involves crystallising disease target proteins unbound and with candidate small-molecule binders, to observe and analyse the binding interaction, or to identify novel binders that can be developed into lead-like compounds.   Obtaining sufficient protein quantity and crystal forms amenable to soaking with candidate binders remains a bottleneck. The Centre for Medicines Discovery’s (CMD) approach to this problem, is to design multiple constructs to explore protein expression and crystallisation behaviour. Protein crystallography (PX) has a high demand for protein quantities, a limiting factor in this workflow is the production of sufficient quantities of the multiple proteins for our experimental needs. This burden increases rapidly with the addition of each construct.   Existing shake-flask workflows for protein expression do not scale adequately to meet these requirements. To address this bottleneck a novel, single-use Bubble-Column Bioreactor (suBCR) array was developed, that allows for parallel 1 L E. coli batch cultivation. This bioreactor array will be incorporated into a Gene-to-Product workflow aimed at increasing protein production efficiency by increasing throughput whilst reducing labour burden.",,,,,,,,,,,
98838,2024-04-26 10:17:40,Crystallization of Zika virus NS3 helicase ,dx.doi.org/10.17504/protocols.io.e6nvw152dlmk/v1,36BC945403B611EFA6E50A58A9FEAC02,2024-04-26 10:21:41,https://www.protocols.io/view/crystallization-of-zika-virus-ns3-helicase-dcrw2v7e,True,crystallization-of-zika-virus-ns3-helicase-dcrw2v7e,"[{'funder_name': 'National Institutes of Health/National Institute Of Allergy and Infectious Diseases (NIH/NIAID)', 'grant_id': 'Grant ID: U19AI171399'}]",National Institutes of Health/National Institute Of Allergy and Infectious Diseases (NIH/NIAID),Grant ID: U19AI171399,Lizbé Koekemoer,University of Oxford,Andre Schutzer de Godoy,University of Sao Paulo,Peter Marples,Diamond Light Source; Research Complex at Harwell,Lizbé Koekemoer,"Centre of Medicines Discovery, University of Oxford",dx.doi.org/10.17504/protocols.io.e6nvw152dlmk/v1,Crystallization of Zika virus NS3 helicase ,2024-04-26 10:21:41,dx.doi.org/10.17504/protocols.io.e6nvw152dlmk/v2,Crystallization of Zika virus NS3 helicase PDB,2025-07-25 14:26:03,,,,,,,"The crystallization protocol and buffer conditions used to obtain Zika NS3 helicase crystals suitable for XChem fragment screening. The Zika virus (ZIKV), discovered in Africa in 1947, swiftly spread across continents, causing significant concern due to its recent association with microcephaly in newborns and Guillain-Barré syndrome in adults. Despite a decrease in prevalence, the potential for a resurgence remains, necessitating urgent therapeutic interventions. Like other flaviviruses, ZIKV presents promising drug targets within its replication machinery, notably the NS3 helicase (NS3Hel) protein, which plays critical roles in viral replication. However, a lack of structural information impedes the development of specific inhibitors targeting NS3Hel. This protocol was used to grow Zika NS3 crystals that were applied high-throughput crystallographic fragment screening on ZIKV NS3 Helicase.",,,,,,,,,,,
98839,2024-04-26 10:30:14,Crystallization of Zika NS5 RdRp,dx.doi.org/10.17504/protocols.io.n2bvjnxjngk5/v1,F8230A6003B711EFA6E50A58A9FEAC02,2024-04-26 10:36:38,https://www.protocols.io/view/crystallization-of-zika-ns5-rdrp-dcrx2v7n,True,crystallization-of-zika-ns5-rdrp-dcrx2v7n,"[{'funder_name': 'National Institutes of Health/National Institute Of Allergy and Infectious Diseases (NIH/NIAID)', 'grant_id': 'Grant ID: U19AI171399'}]",National Institutes of Health/National Institute Of Allergy and Infectious Diseases (NIH/NIAID),Grant ID: U19AI171399,Lizbé Koekemoer,University of Oxford,Anu V. Chandran,Research Complex at Harwell; Diamond Light Source,Peter Marples,Diamond Light Source ; Research Complex at Harwell,Martin Austin Walsh,Diamond Light Source ; Research Complex at Harwell,dx.doi.org/10.17504/protocols.io.n2bvjnxjngk5/v1,Crystallization of Zika NS5 RdRp,2024-04-26 10:36:38,,,,,,,,,,"The main aim of this work was to identify small molecules that bind Zika NS5 RdRp (catalytic RNA-dependent RNA polymerase domain) through X-ray fragment-based screening. The Zika NS5 RDRP domain was cloned, expressed, purified, and crystallised.  Suitable crystals for fragment screening were produced and optimised allowing an extensive fragment campaign to be performed. A native high-resolution structure was determined at 1.8Å and formed the basis for the fragment campaign.  ",,,,,,,,,,,
98840,2024-04-26 10:40:29,Crystallization of Enterovirus D68 3C protease,dx.doi.org/10.17504/protocols.io.5qpvoky29l4o/v1,667DEF6403B911EFBC190A58A9FEAC02,2024-04-26 10:42:31,https://www.protocols.io/view/crystallization-of-enterovirus-d68-3c-protease-dcry2v7w,True,crystallization-of-enterovirus-d68-3c-protease-dcry2v7w,"[{'funder_name': 'National Institutes of Health/National Institute Of Allergy and Infectious Diseases (NIH/NIAID)', 'grant_id': 'Grant ID: U19AI171399'}]",National Institutes of Health/National Institute Of Allergy and Infectious Diseases (NIH/NIAID),Grant ID: U19AI171399,Lizbé Koekemoer,University of Oxford,Ryan Lithgo,Diamond Light Source; Research Complex at Harwell,Peter Marples,Diamond Light Source; Research Complex at Harwell,Lizbé Koekemoer,"Centre of Medicines Discovery, University of Oxford",dx.doi.org/10.17504/protocols.io.5qpvoky29l4o/v1,Crystallization of Enterovirus D68 3C protease,2024-04-26 10:42:31,dx.doi.org/10.17504/protocols.io.5qpvoky29l4o/v2,Crystallisation of Enterovirus D68 3C protease in space group P21 used for follow up compounds,2025-04-25 10:44:36,,,,,,,"The development of effective broad-spectrum antivirals forms an important part of preparing for future pandemics. A cause for concern is the currently emerging pathogen Enterovirus D68 (EV-D68) which primarily spreads through respiratory routes causing mostly mild to severe respiratory illness but, in severe cases, acute flaccid myelitis. The 3C protease of EV-D68 is a potential target for the development of antiviral drugs due to its essential role in the viral life cycle and high sequence conservation. This protocol was used to grow D68 3C ProB crystals that were applied high-throughput crystallographic follow up compound screening on D68 3C.",,,,Daren Fearon,Diamond Light Source; Research Complex at Harwell,,,,,,
98841,2024-04-26 10:47:57,Crystallization of Enterovirus coxsackievirus A16 2A protease,dx.doi.org/10.17504/protocols.io.3byl49kdzgo5/v1,71996D2603BA11EFBC190A58A9FEAC02,2024-04-26 14:09:32,https://www.protocols.io/view/crystallization-of-enterovirus-coxsackievirus-a16-dcrz2v76,True,crystallization-of-enterovirus-coxsackievirus-a16-dcrz2v76,"[{'funder_name': 'National Institutes of Health/National Institute Of Allergy and Infectious Diseases (NIH/NIAID)', 'grant_id': 'Grant ID: U19AI171399'}]",National Institutes of Health/National Institute Of Allergy and Infectious Diseases (NIH/NIAID),Grant ID: U19AI171399,Lizbé Koekemoer,University of Oxford,Ryan Lithgo,Diamond Light Source; Research Complex at Harwell,Peter Marples,Diamond Light Source; Research Complex at Harwell,Lizbé Koekemoer,"Centre of Medicines Discovery, University of Oxford",dx.doi.org/10.17504/protocols.io.3byl49kdzgo5/v1,Crystallization of Enterovirus coxsackievirus A16 2A protease,2024-04-26 14:09:32,dx.doi.org/10.17504/protocols.io.3byl49kdzgo5/v2,"Crystallisation of Enterovirus coxsackievirus A16 2A protease in space group C2 used for apo, fragment screen and follow compounds (PDB 8POA)",2025-04-25 15:34:34,,,,,,,"Picornaviridae coxsackievirus A16 is the causative agent of paediatric hand-foot-and-mouth disease, and a target for pandemic preparedness due to the risk of higher order complications in a large-scale outbreak. The 2A protease of the virus is responsible for self-cleavage from the poly protein, allowing for correct folding and assembly of capsid proteins in the final stages of viral replication. Inhibition deranges capsid folding and assembly, preventing formation of mature virions in host cells and making the protease a valuable target for antiviral activity. This protocol was used to grow coxsackievirus A16 crystals that were applied high-throughput crystallographic fragment screening on the target.",,,,Daren Fearon,Diamond Light Source; Research Complex at Harwell,,,,,,
98842,2024-04-26 10:49:17,Crystallization of SARS-CoV-2 nsp15 NendoU,dx.doi.org/10.17504/protocols.io.36wgqn4yogk5/v1,A149D99003BA11EFBC190A58A9FEAC02,2024-04-26 10:50:20,https://www.protocols.io/view/crystallization-of-sars-cov-2-nsp15-nendou-dcr22v8e,True,crystallization-of-sars-cov-2-nsp15-nendou-dcr22v8e,"[{'funder_name': 'National Institutes of Health/National Institute Of Allergy and Infectious Diseases (NIH/NIAID)', 'grant_id': 'Grant ID: U19AI171399'}]",National Institutes of Health/National Institute Of Allergy and Infectious Diseases (NIH/NIAID),Grant ID: U19AI171399,Lizbé Koekemoer,University of Oxford,Peter Marples,Diamond Light Source; Research Complex at Harwell,Daren Fearon,Diamond Light Source; Research Complex at Harwell,Lizbé Koekemoer,"Centre of Medicines Discovery, University of Oxford",dx.doi.org/10.17504/protocols.io.36wgqn4yogk5/v1,Crystallization of SARS-CoV-2 nsp15 NendoU,2024-04-26 10:50:20,,,,,,,,,,"Severe acute respiratory syndrome coronavirus 2 (SARS-CoV-2) is the causative agent of coronavirus disease 2019 (COVID-19). The NSP15 endoribonuclease enzyme, known as NendoU, is highly conserved and plays a critical role in the ability of the virus to evade the immune system. NendoU is a promising target for the development of new antiviral drugs. This protocol was used to grow SARS CoV-2 NSP15 crystals that were applied high-throughput crystallographic fragment screening at XChem.",,,,Andre Schutzer de Godoy,University of Sao Paulo,,,,,,
98843,2024-04-26 11:02:02,Crystallization of SARS-CoV-2 N Protein,dx.doi.org/10.17504/protocols.io.4r3l2q4b3l1y/v1,6957FDE203BC11EFBC190A58A9FEAC02,2024-04-26 11:03:28,https://www.protocols.io/view/crystallization-of-sars-cov-2-n-protein-dcr32v8n,True,crystallization-of-sars-cov-2-n-protein-dcr32v8n,"[{'funder_name': 'National Institutes of Health/National Institute Of Allergy and Infectious Diseases (NIH/NIAID)', 'grant_id': 'Grant ID: U19AI171399'}]",National Institutes of Health/National Institute Of Allergy and Infectious Diseases (NIH/NIAID),Grant ID: U19AI171399,Lizbé Koekemoer,University of Oxford,Peter Marples,Diamond Light Source; Research Complex at Harwell,Lizbé Koekemoer,"Centre of Medicines Discovery, University of Oxford",Daren Fearon,Diamond Light Source; Research Complex at Harwell,dx.doi.org/10.17504/protocols.io.4r3l2q4b3l1y/v1,Crystallization of SARS-CoV-2 N Protein,2024-04-26 11:03:28,,,,,,,,,,The crystallization protocol and buffer conditions used to obtain reproducible SARS C0V-2 Nucelocapsid  crystals suitable for XChem fragment screening.,,,,,,,,,,,
98844,2024-04-26 11:06:00,Crystallization of SARS-CoV-2 Mpro,dx.doi.org/10.17504/protocols.io.kqdg326y7v25/v1,F732A0D003BC11EFBC190A58A9FEAC02,2024-04-26 11:06:55,https://www.protocols.io/view/crystallization-of-sars-cov-2-mpro-dcr42v8w,True,crystallization-of-sars-cov-2-mpro-dcr42v8w,"[{'funder_name': 'National Institutes of Health/National Institute Of Allergy and Infectious Diseases (NIH/NIAID)', 'grant_id': 'Grant ID: U19AI171399'}]",National Institutes of Health/National Institute Of Allergy and Infectious Diseases (NIH/NIAID),Grant ID: U19AI171399,Lizbé Koekemoer,University of Oxford,Blake Balcomb,Diamond Light Source; Research Complex at Harwell,Peter Marples,Diamond Light Source; Research Complex at Harwell,Lizbé Koekemoer,"Centre of Medicines Discovery, University of Oxford",dx.doi.org/10.17504/protocols.io.kqdg326y7v25/v1,Crystallization of SARS-CoV-2 Mpro,2024-04-26 11:06:55,,,,,,,,,,The COVID-19 pandemic has highlighted the need to identify novel therapeutic interventions and strategies for pandemic preparedness against Severe Acute Respiratory Syndrome Coronavirus 2 (SARS-CoV-2). This protocol outlines the crystallization protocol and buffer conditions used to obtain reproducible SARS-CoV-2 Mpro crystals suitable for XChem fragment screening.,,,,Daren Fearon,Diamond Light Source; Research Complex at Harwell,Charlie Tomlinson,Diamond Light Source; Research Complex at Harwell,,,,
98845,2024-04-26 11:08:01,Crystallization of MERS-CoV Mpro,dx.doi.org/10.17504/protocols.io.ewov194x7lr2/v1,3F3F75ED03BD11EFBC190A58A9FEAC02,2024-04-26 11:08:45,https://www.protocols.io/view/crystallization-of-mers-cov-mpro-dcr52v86,True,crystallization-of-mers-cov-mpro-dcr52v86,"[{'funder_name': 'National Institutes of Health/National Institute Of Allergy and Infectious Diseases (NIH/NIAID)', 'grant_id': 'Grant ID: U19AI171399'}]",National Institutes of Health/National Institute Of Allergy and Infectious Diseases (NIH/NIAID),Grant ID: U19AI171399,Lizbé Koekemoer,University of Oxford,Blake Balcomb,Diamond Light Source; Research Complex at Harwell,Peter Marples,Diamond Light Source; Research Complex at Harwell,Lizbé Koekemoer,"Centre of Medicines Discovery, University of Oxford",dx.doi.org/10.17504/protocols.io.ewov194x7lr2/v1,Crystallization of MERS-CoV Mpro,2024-04-26 11:08:45,,,,,,,,,," The COVID-19 pandemic has highlighted the need to identify novel therapeutic interventions and strategies for pandemic preparedness. Other than Severe Acute Respiratory Syndrome Coronavirus 2 (SARS-CoV-2), there are several human coronaviruses that are of pandemic concern, these include SARS-CoV and Middle Eastern Respiratory Syndrome (MERS-CoV). MERS-CoV is a zoonotic virus that was first discovered in 2012. The disease has spread rapidly with large outbreaks as recent as 2015 and 2018. Currently there is no therapeutic intervention for MERS-CoV with 35% of reported cases resulting in human death. Like-wise to SARS-CoV-2, MERS-CoV produces a main protease (Mpro) which is essential for viral replication and therefore an attractive target to inhibit the virus. ",,,,Daren Fearon,Diamond Light Source; Research Complex at Harwell,Charlie Tomlinson,Diamond Light Source; Research Complex at Harwell,,,,
98846,2024-04-26 11:11:06,READDI protocol: Crystallisation of CHIKV nsP3 macrodomain,dx.doi.org/10.17504/protocols.io.x54v92jzzl3e/v1,AD6A9E2803BD11EFBC190A58A9FEAC02,2024-07-02 13:20:13,https://www.protocols.io/view/readdi-protocol-crystallisation-of-chikv-nsp3-macr-dcr62v9e,True,readdi-protocol-crystallisation-of-chikv-nsp3-macr-dcr62v9e,"[{'funder_name': 'National Institutes of Health/National Institute Of Allergy and Infectious Diseases (NIH/NIAID)', 'grant_id': 'U19AI171292'}]",National Institutes of Health/National Institute Of Allergy and Infectious Diseases (NIH/NIAID),U19AI171292,Lizbé Koekemoer,University of Oxford,Jasmin Aschenbrenner,Diamond Light Source; Research Complex at Harwell,Peter Marples,Diamond Light Source; Research Complex at Harwell,Michael Fairhead,university of oxford,dx.doi.org/10.17504/protocols.io.x54v92jzzl3e/v1,READDI protocol: Crystallisation of CHIKV nsP3 macrodomain,2024-07-02 13:20:13,,,,,,,,,,"Chikungunya virus (CHIKV) causes severe fever, rash and debilitating joint pain that can last for months or even years. Millions of people have been infected with CHIKV, mostly in low- and middle-income countries, and the virus continues to spread into new areas due to the geographical expansion of its mosquito hosts. The crystallization protocol and buffer conditions used to obtain reproducible Chikungunya Virus nsP3 macrodomain crystals suitable for XChem fragment screening.",,,,Andre Schutzer de Godoy,University of Sao Paulo,Daren Fearon,Diamond Light Source; Research Complex at Harwell,,,,
98851,2024-04-26 11:47:20,Fluorescence assay for Enterovirus A71 3C protease activity measurement,dx.doi.org/10.17504/protocols.io.14egn6zjql5d/v1,BD063BFA03C211EFBC190A58A9FEAC02,2024-04-26 11:49:31,https://www.protocols.io/view/fluorescence-assay-for-enterovirus-a71-3c-protease-dcsb2wan,True,fluorescence-assay-for-enterovirus-a71-3c-protease-dcsb2wan,"[{'funder_name': 'National Institutes of Health/National Institute Of Allergy and Infectious Diseases (NIH/NIAID)', 'grant_id': 'U19AI171399'}]",National Institutes of Health/National Institute Of Allergy and Infectious Diseases (NIH/NIAID),U19AI171399,charline.giroud,Center for Medicines Discovery,charline.giroud,"Center for Medicines Discovery, University of Oxford",Oleg Fedorov,"Center for Medicines Discovery, University of Oxford",,,dx.doi.org/10.17504/protocols.io.14egn6zjql5d/v1,Fluorescence assay for Enterovirus A71 3C protease activity measurement,2024-04-26 11:49:31,dx.doi.org/10.17504/protocols.io.14egn6zjql5d/v2,Fluorescence assay for Enterovirus A71 3C protease activity measurement for screening against antiviral molecules,2025-04-23 16:16:57,dx.doi.org/10.17504/protocols.io.14egn6zjql5d/v3,Fluorescence assay for Enterovirus A71 3C protease activity measurement for screening against antiviral molecules,2025-06-04 15:54:27,,,,"This protocol details the fluorescence assay for Enterovirus A71 (EV-A71) 3C protease activity measurement. This method is intended to measure the activity of viral proteases by using a specific labelled-peptide that allows the detection of the cleaved product. The substrate contains the cleavage-sequence specific to the tested protease and is labeled in C-terminal by the fluorophore Edans (ex 336 nm; em: 455 nm) and in N-ternimal by the quencher Dabcyl (ex 472 nm). In the case of a non-cleaved substrate, the proximity of Dabcyl to Edans prevents the emission and the detection of the fluorescence at 455 nm. The cleavage of the peptide by the protease allows Edans’ fluorescence emission and detection.",,,,,,,,,,,
98853,2024-04-26 11:54:09,Fluorescence assay for MERS-CoV Mpro activity measurement,dx.doi.org/10.17504/protocols.io.8epv5rzm4g1b/v1,B12FE8F603C311EFBC190A58A9FEAC02,2024-04-26 11:56:30,https://www.protocols.io/view/fluorescence-assay-for-mers-cov-mpro-activity-meas-dcsd2wa6,True,fluorescence-assay-for-mers-cov-mpro-activity-meas-dcsd2wa6,"[{'funder_name': 'National Institutes of Health/National Institute Of Allergy and Infectious Diseases (NIH/NIAID)', 'grant_id': 'U19AI171399'}]",National Institutes of Health/National Institute Of Allergy and Infectious Diseases (NIH/NIAID),U19AI171399,charline.giroud,Center for Medicines Discovery,charline.giroud,"Center for Medicines Discovery, University of Oxford",Oleg Fedorov,"Center for Medicines Discovery, University of Oxford",,,dx.doi.org/10.17504/protocols.io.8epv5rzm4g1b/v1,Fluorescence assay for MERS-CoV Mpro activity measurement,2024-04-26 11:56:30,dx.doi.org/10.17504/protocols.io.8epv5rzm4g1b/v2,Fluorescence assay for MERS-CoV Mpro protease activity measurement for screening against antiviral molecules,2025-06-20 11:20:34,,,,,,,"This protocol details the fluorescence assay for MERS-CoV Mpro protease activity measurement. This method is intended to measure the activity of viral proteases by using a specific labelled peptide that allows the detection of the cleaved product. The substrate contains the cleavage-sequence specific to the tested protease and is labeled in C-terminal by the fluorophore Edans (ex 336 nm; em: 455 nm) and in N-ternimal by the quencher Dabcyl (ex 472 nm). In the case of a non-cleaved substrate, the proximity of Dabcyl to Edans prevents the emission and the detection of the fluorescence at 455 nm. The cleavage of the peptide by the protease allows Edans’ fluorescence emission and detection.",,,,,,,,,,,
98854,2024-04-26 11:58:07,Fluorescence assay for Enterovirus D68 3C protease activity measurement,dx.doi.org/10.17504/protocols.io.261ge54jyg47/v1,3E9A53A003C411EFBC190A58A9FEAC02,2024-04-26 11:59:58,https://www.protocols.io/view/fluorescence-assay-for-enterovirus-d68-3c-protease-dcse2wbe,True,fluorescence-assay-for-enterovirus-d68-3c-protease-dcse2wbe,"[{'funder_name': 'National Institutes of Health/National Institute Of Allergy and Infectious Diseases (NIH/NIAID)', 'grant_id': 'U19AI171399'}]",National Institutes of Health/National Institute Of Allergy and Infectious Diseases (NIH/NIAID),U19AI171399,charline.giroud,Center for Medicines Discovery,charline.giroud,"Center for Medicines Discovery, University of Oxford",Oleg Fedorov,"Center for Medicines Discovery, University of Oxford",,,dx.doi.org/10.17504/protocols.io.261ge54jyg47/v1,Fluorescence assay for Enterovirus D68 3C protease activity measurement,2024-04-26 11:59:58,dx.doi.org/10.17504/protocols.io.261ge54jyg47/v2,Fluorescence assay of EV-D68 3C protease activity measurement for screening against antiviral molecules,2025-05-21 09:57:04,dx.doi.org/10.17504/protocols.io.261ge54jyg47/v3,Fluorescence assay of EV-D68 3C protease activity measurement for screening against antiviral molecules,2025-06-04 15:39:21,,,,"This protocol details the fluorescence assay for Enterovirus D68 (EV-D68) 3C protease activity measurement. This method is intended to measure the activity of viral proteases by using a specific labelled-peptide that allows the detection of the cleaved product. The substrate contains the cleavage-sequence specific to the tested protease and is labeled in C-terminal by the fluorophore Edans (ex 336 nm; em: 455 nm) and in N-ternimal by the quencher Dabcyl (ex 472 nm). In the case of a non-cleaved substrate, the proximity of Dabcyl to Edans prevents the emission and the detection of the fluorescence at 455 nm. The cleavage of the peptide by the protease allows Edans’ fluorescence emission and detection.",,,,,,,,,,,
98855,2024-04-26 12:01:11,Fluorescence assay for Enterovirus coxsackievirus A16 2A protease activity measurement,dx.doi.org/10.17504/protocols.io.q26g7186qgwz/v1,AC5306A503C411EFBC190A58A9FEAC02,2024-04-26 12:02:29,https://www.protocols.io/view/fluorescence-assay-for-enterovirus-coxsackievirus-dcsf2wbn,True,fluorescence-assay-for-enterovirus-coxsackievirus-dcsf2wbn,"[{'funder_name': 'National Institutes of Health/National Institute Of Allergy and Infectious Diseases (NIH/NIAID)', 'grant_id': 'U19AI171399'}]",National Institutes of Health/National Institute Of Allergy and Infectious Diseases (NIH/NIAID),U19AI171399,charline.giroud,Center for Medicines Discovery,charline.giroud,"Center for Medicines Discovery, University of Oxford",Oleg Fedorov,"Center for Medicines Discovery, University of Oxford",,,dx.doi.org/10.17504/protocols.io.q26g7186qgwz/v1,Fluorescence assay for Enterovirus coxsackievirus A16 2A protease activity measurement,2024-04-26 12:02:29,dx.doi.org/10.17504/protocols.io.q26g7186qgwz/v2,Fluorescence assay for Enterovirus coxsackievirus A16 2A protease activity measurement,2025-05-21 09:51:34,,Fluorescence assay for Enterovirus coxsackievirus A16 2A protease activity measurement,,,,,"This protocol details the fluorescence assay for Enterovirus coxsackievirus A16 (CVA16) 2A protease activity measurement. This method is intended to measure the activity of viral proteases by using a specific labelled-peptide that allows the detection of the cleaved product. The substrate contains the cleavage-sequence specific to the tested protease and is labeled in C-terminal by the fluorophore Edans (ex 336 nm; em: 455 nm) and in N-ternimal by the quencher Dabcyl (ex 472 nm). In the case of a non-cleaved substrate, the proximity of Dabcyl to Edans prevents the emission and the detection of the fluorescence at 455 nm. The cleavage of the peptide by the protease allows Edans’ fluorescence emission and detection.",,,,,,,,,,,
99073,2024-05-01 12:31:10,Enteroviruses (EV-D68/EV-A71) 3C and EVA71-2A proteases fluorescence single and dose response,dx.doi.org/10.17504/protocols.io.j8nlk8kb5l5r/v1,1E2C710A628C4BB5AA9FF2F0725DA36F,2025-06-20 14:20:32,https://www.protocols.io/view/enteroviruses-ev-d68-ev-a71-3c-and-eva71-2a-protea-dcy92xz6,True,enteroviruses-ev-d68-ev-a71-3c-and-eva71-2a-protea-dcy92xz6,"[{'funder_name': 'National Institutes of Health/National Institute Of Allergy and Infectious Diseases (NIH/NIAID)', 'grant_id': 'U19AI171399'}]",National Institutes of Health/National Institute Of Allergy and Infectious Diseases (NIH/NIAID),U19AI171399,Noa Lahav,Weizmann Institute ,Haim Barr,Weizmann Institute of Science; ASAP Discovery Consortium,Noa Lahav,Weizmann Institute of Science; ASAP Discovery Consortium,,,dx.doi.org/10.17504/protocols.io.j8nlk8kb5l5r/v1,Enteroviruses (EV-D68/EV-A71) 3C and EVA71-2A proteases fluorescence single and dose response,2025-06-20 14:20:32,,Enteroviruses (EV-D68/EV-A71) 3C and EV-A71 2A proteases fluorescence single and dose response protocols for antivirals compound screening,,,,,,,,"This is a functional, biochemical assay used to identify treatments for viral infectious diseases related to Enteroviruses infection, specifically EV-D68 3C, EV-A71 3C and EV-A71 2A proteases. In this current version we have added the Addgene id.  Utilizing a direct enzyme activity measurement method, the experiment was performed in a 384-well plate reading the fluorescence intensity. This assay tested the mode of action of inhibition.    Initial screening was conducted with 2 compound concentrations to determine %inhibition, followed by dose response for IC50 measurement (as specified below). In each run a reference compound was added to verify the assay reliability and robustness. Assay protocol was developed at the Weizmann Institute of Science, as a part of the ASAP Discovery Consortium. In this curre  Compounds Plate Design for 2-Point Assay:         Total Assay Volume: 20 µL         Compounds Assay Concentration: 100 µM and 50 µM
        Dilution Factor: 2
        Dose Response Points: 2
        Number of Replicates: 2         Backfill with DMSO: Yes  Compound Plate Design for Dose Response:         Total assay volume: 20 µL         Compounds top assay concentration: 100 µM         Dilution factor: 2         Dose response points: 12         Number of replicates: 2         Backfill with DMSO: yes",,,,,,,,,,,
101135,2024-06-03 13:28:43,DENV2 NS2B-NS3 protease co-expression construct small scale expression and purification protocol,dx.doi.org/10.17504/protocols.io.rm7vzj362lx1/v2,32CC736021AD11EF83720A58A9FEAC02,2024-06-03 13:32:02,https://www.protocols.io/view/denv2-ns2b-ns3-protease-co-expression-construct-sm-dezp3f5n,True,denv2-ns2b-ns3-protease-co-expression-construct-sm-dezp3f5n,"[{'funder_name': 'National Institutes of Health/National Institute Of Allergy and Infectious Diseases (NIH/NIAID)', 'grant_id': 'U19AI171432'}]",National Institutes of Health/National Institute Of Allergy and Infectious Diseases (NIH/NIAID),U19AI171432,SiYi Wang,CMD,SiYi Wang,"Centre for Medicines Discovery, University of Oxford",Michael Fairhead,"Centre for Medicines Discovery, University of Oxford",Eleanor Williams,"Centre for Medicines Discovery, University of Oxford",dx.doi.org/10.17504/protocols.io.rm7vzj362lx1/v1,DENV2 NS2B-NS3 protease co-expression construct small scale expression and purification protocol,2024-04-26 15:56:57,dx.doi.org/10.17504/protocols.io.rm7vzj362lx1/v2,DENV2 NS2B-NS3 protease co-expression construct small scale expression and purification protocol,2024-06-03 13:32:02,,[New version XX01D2VNS2BA-c003] Dengue virus serotype 2 NS2B-NS3 protease co-expression construct small scale expression and purification protocol,,dx.doi.org/10.17504/protocols.io.rm7vzj362lx1/v3,DENV2 NS2B-NS3 protease co-expression construct small scale expression and purification protocol,2024-06-10 12:49:33,"This protocol details the co-expression and purification of DENV2 NS2B-NS3 protease construct bearing a N-terminal His-GST tag at small scale (<6L).
",,,,,,,,,,,
101260,2024-06-05 15:38:30,Live Virus SARS-CoV-2 - HeLa-ACE2 - Antiviral Screening Assay,dx.doi.org/10.17504/protocols.io.yxmvmee4ng3p/v1,E610500F3FD6463CB52F9DEE7BA60E9A,2025-03-18 21:48:58,https://www.protocols.io/view/live-virus-sars-cov-2-hela-ace2-antiviral-screenin-de5k3g4w,True,live-virus-sars-cov-2-hela-ace2-antiviral-screenin-de5k3g4w,"[{'funder_name': 'National Institutes of Health/National Institute Of Allergy and Infectious Diseases (NIH/NIAID)', 'grant_id': 'U19AI171399'}]",National Institutes of Health/National Institute Of Allergy and Infectious Diseases (NIH/NIAID),U19AI171399,Briana L McGovern,Icahn School of Medicine at Mount Sinai,Briana L McGovern,Icahn School of Medicine at Mount Sinai; ASAP Discovery Consortium,,,,,dx.doi.org/10.17504/protocols.io.yxmvmee4ng3p/v1,Live Virus SARS-CoV-2 - HeLa-ACE2 - Antiviral Screening Assay,2025-03-18 21:48:58,,,,,,,,,,"The following is a protocol for live virus antiviral screening against SARS-CoV-2 in vitro. Cells are prophylactically treated with antiviral candidates that have been serially diluted to investigate activity, via IC50 values generated via analysis of immunofluorescent staining, against SARS-CoV-2.  You may opt to include PgP inhibitor in the assay by adding 2uM into the infection media. Each live virus screening assay is accompanied by a matching cytotoxicity screening assay in uninfected cells to investigate drug toxicity.",,,,,,,,,,,
101343,2024-06-06 16:17:37,Dengue virus serotype 2 NS2B-NS3 protease fusion construct small scale expression and purification for Creoptix and biochemical assaysprotocol,dx.doi.org/10.17504/protocols.io.4r3l2qqdpl1y/v1,49FD9378242011EF92520A58A9FEAC02,2024-10-31 16:17:44,https://www.protocols.io/view/dengue-virus-serotype-2-ns2b-ns3-protease-fusion-c-de773hrn,True,dengue-virus-serotype-2-ns2b-ns3-protease-fusion-c-de773hrn,"[{'funder_name': 'National Institutes of Health/National Institute Of Allergy and Infectious Diseases (NIH/NIAID)', 'grant_id': 'U19AI171432'}]",National Institutes of Health/National Institute Of Allergy and Infectious Diseases (NIH/NIAID),U19AI171432,SiYi Wang,CMD,SiYi Wang,"Centre for Medicines Discovery, University of Oxford",Michael Fairhead,"Centre for Medicines Discovery, University of Oxford",Eleanor Williams,"Centre for Medicines Discovery, University of Oxford",dx.doi.org/10.17504/protocols.io.4r3l2qqdpl1y/v1,Dengue virus serotype 2 NS2B-NS3 protease fusion construct small scale expression and purification for Creoptix and biochemical assaysprotocol,2024-10-31 16:17:44,dx.doi.org/10.17504/protocols.io.4r3l2qqdpl1y/v2,Dengue virus serotype 2 NS2B-NS3 protease fusion construct small scale expression and purification for biophysical and biochemical assays protocol,2025-08-28 07:58:38,,,,,,,"This protocol details the co-expression and purification of Dengue virus serotype 2 NS2B-NS3 protease fusion construct bearing a N-terminal His-StrepII tag at small scale (<6L). The final product does not have its affinity tags removed, and is catalytically active. Final product is suitable for Creoptix and biochemical assay.
",,,,,,,,,,,
101517,2024-06-10 12:46:48,DENV2 NS2B-NS3 protease co-expression construct small scale expression and purification protocol,dx.doi.org/10.17504/protocols.io.rm7vzj362lx1/v3,80BF598C272711EF9DA90A58A9FEAC02,2024-06-10 12:49:33,https://www.protocols.io/view/denv2-ns2b-ns3-protease-co-expression-construct-sm-dfdm3i46,True,denv2-ns2b-ns3-protease-co-expression-construct-sm-dfdm3i46,"[{'funder_name': 'National Institutes of Health/National Institute Of Allergy and Infectious Diseases (NIH/NIAID)', 'grant_id': 'U19AI171432'}]",National Institutes of Health/National Institute Of Allergy and Infectious Diseases (NIH/NIAID),U19AI171432,SiYi Wang,CMD,SiYi Wang,"Centre for Medicines Discovery, University of Oxford",Michael Fairhead,"Centre for Medicines Discovery, University of Oxford",Eleanor Williams,"Centre for Medicines Discovery, University of Oxford",dx.doi.org/10.17504/protocols.io.rm7vzj362lx1/v1,DENV2 NS2B-NS3 protease co-expression construct small scale expression and purification protocol,2024-04-26 15:56:57,dx.doi.org/10.17504/protocols.io.rm7vzj362lx1/v2,DENV2 NS2B-NS3 protease co-expression construct small scale expression and purification protocol,2024-06-03 13:32:02,,[New version XX01D2VNS2BA-c003] Dengue virus serotype 2 NS2B-NS3 protease co-expression construct small scale expression and purification protocol,,dx.doi.org/10.17504/protocols.io.rm7vzj362lx1/v3,DENV2 NS2B-NS3 protease co-expression construct small scale expression and purification protocol,2024-06-10 12:49:33,"This protocol details the co-expression and purification of DENV2 NS2B-NS3 protease coexpression construct bearing a N-terminal His-GST tag at small scale (<6L).
",,,,,,,,,,,
101523,2024-06-10 13:51:44,Zika NS2B-NS3 fusion construct for assay  small scale expression and purification protocol,dx.doi.org/10.17504/protocols.io.eq2lyw6jpvx9/v1,92890A9D273011EF9DA90A58A9FEAC02,2024-10-29 14:20:18,https://www.protocols.io/view/zika-ns2b-ns3-fusion-construct-for-assay-small-sca-dfdt3i6n,True,zika-ns2b-ns3-fusion-construct-for-assay-small-sca-dfdt3i6n,"[{'funder_name': 'National Institutes of Health/National Institute Of Allergy and Infectious Diseases (NIH/NIAID)', 'grant_id': 'U19AI171432'}]",National Institutes of Health/National Institute Of Allergy and Infectious Diseases (NIH/NIAID),U19AI171432,SiYi Wang,CMD,SiYi Wang,"Centre for Medicines Discovery, University of Oxford",Michael Fairhead,"Centre for Medicines Discovery, University of Oxford",Eleanor Williams,"Centre for Medicines Discovery, University of Oxford",dx.doi.org/10.17504/protocols.io.eq2lyw6jpvx9/v1,Zika NS2B-NS3 fusion construct for assay  small scale expression and purification protocol,2024-10-29 14:20:18,dx.doi.org/10.17504/protocols.io.eq2lyw6jpvx9/v2,Zika NS2B-NS3 fusion construct for assay  small scale expression and purification protocol,2025-06-04 13:40:48,,,,,,,"This protocol details the co-expression and purification of Zika virus NS2B-NS3 protease fusion construct bearing a N-terminal His-StrepII tag at small scale (<6L). The purified enzyme is active and suitable for use in biochemical assays Construct used here is QQ01ZVNS2B-cC001.
",,,,,,,,,,,
101578,2024-06-11 10:56:15,[Proof Reading] West Nile virus NS2B-NS3 protease fusion construct small scale expression and purification protocol,dx.doi.org/10.17504/protocols.io.261ge5rrwg47/v1,391BB75B27E111EF83E70A58A9FEAC02,2024-10-29 14:34:17,https://www.protocols.io/view/proof-reading-west-nile-virus-ns2b-ns3-protease-f-dffi3jke,True,proof-reading-west-nile-virus-ns2b-ns3-protease-f-dffi3jke,"[{'funder_name': 'National Institutes of Health/National Institute Of Allergy and Infectious Diseases (NIH/NIAID)', 'grant_id': 'U19AI171432'}]",National Institutes of Health/National Institute Of Allergy and Infectious Diseases (NIH/NIAID),U19AI171432,SiYi Wang,CMD,SiYi Wang,"Centre for Medicines Discovery, University of Oxford",Michael Fairhead,"Centre for Medicines Discovery, University of Oxford",Eleanor Williams,"Centre for Medicines Discovery, University of Oxford",dx.doi.org/10.17504/protocols.io.261ge5rrwg47/v1,[Proof Reading] West Nile virus NS2B-NS3 protease fusion construct small scale expression and purification protocol,2024-10-29 14:34:17,dx.doi.org/10.17504/protocols.io.261ge5rrwg47/v2,West Nile virus NS2B-NS3 protease fusion construct small scale expression and purification protocol,2024-10-29 15:24:50,dx.doi.org/10.17504/protocols.io.261ge5rrwg47/v3,West Nile virus NS2B-NS3 protease fusion construct small scale expression and purification protocol,2025-06-04 14:08:11,,,,"This protocol details the co-expression and purification of West Nile virus NS2B-NS3 protease fusion construct bearing a N-terminal His-StrepII tag at small scale (<6L). This protocol produces enzymatically active product that is suitable for biochemical assays.
The construct used was QQ01WNVNS2B-c003.",,,,,,,,,,,
101622,2024-06-11 19:34:35,Using the Tecan D300e,dx.doi.org/10.17504/protocols.io.x54v92r1pl3e/v1,CED1CADA81664B0BB23E6E1BA84F0CB0,2025-03-18 21:48:59,https://www.protocols.io/view/using-the-tecan-d300e-dfgw3jxe,True,using-the-tecan-d300e-dfgw3jxe,[],,,Briana L McGovern,Icahn School of Medicine at Mount Sinai,Briana L McGovern,Icahn School of Medicine at Mount Sinai; ASAP Discovery Consortium,,,,,dx.doi.org/10.17504/protocols.io.x54v92r1pl3e/v1,Using the Tecan D300e,2025-03-18 21:48:58,,,,,,,,,,Using Tecan D300e for serial dilution,,,,,,,,,,,
101665,2024-06-12 11:00:08,Zika NS5 RdRp His-SUMO construct small scale expression and purification protocol,dx.doi.org/10.17504/protocols.io.3byl49wx2go5/v1,EE8A106028AA11EFB73A0A58A9FEAC02,2024-08-08 14:47:32,https://www.protocols.io/view/zika-ns5-rdrp-his-sumo-construct-small-scale-expre-dfh93j96,True,zika-ns5-rdrp-his-sumo-construct-small-scale-expre-dfh93j96,"[{'funder_name': 'National Institutes of Health/National Institute Of Allergy and Infectious Diseases (NIH/NIAID)', 'grant_id': 'U19AI171432'}]",National Institutes of Health/National Institute Of Allergy and Infectious Diseases (NIH/NIAID),U19AI171432,SiYi Wang,CMD,SiYi Wang,"Centre for Medicines Discovery, University of Oxford",Michael Fairhead,"Centre for Medicines Discovery, University of Oxford",Eleanor Williams,"Centre for Medicines Discovery, University of Oxford",dx.doi.org/10.17504/protocols.io.3byl49wx2go5/v1,Zika NS5 RdRp His-SUMO construct small scale expression and purification protocol,2024-08-08 14:47:32,,,,,,,,,,"This protocol details the co-expression and purification of Zika NS5 NS5 RNA-dependent RNA polymerase bearing a N-terminal His-SUMO tag at small scale (<6L).
",,,,,,,,,,,
101676,2024-06-12 13:18:34,Enterovirus coxsackievirus A16 2A protease small scale expression and purification protocol,dx.doi.org/10.17504/protocols.io.rm7vzj3y5lx1/v2,453E414928BE11EFB73A0A58A9FEAC02,2024-06-12 13:20:08,https://www.protocols.io/view/enterovirus-coxsackievirus-a16-2a-protease-small-s-dfik3kcw,True,enterovirus-coxsackievirus-a16-2a-protease-small-s-dfik3kcw,"[{'funder_name': 'National Institutes of Health/National Institute Of Allergy and Infectious Diseases (NIH/NIAID)', 'grant_id': 'U19AI171432'}]",National Institutes of Health/National Institute Of Allergy and Infectious Diseases (NIH/NIAID),U19AI171432,SiYi Wang,CMD,SiYi Wang,"Centre for Medicines Discovery, University of Oxford",Michael Fairhead,"Centre for Medicines Discovery, University of Oxford",Eleanor Williams,"Centre for Medicines Discovery, University of Oxford",dx.doi.org/10.17504/protocols.io.rm7vzj3y5lx1/v1,Enterovirus coxsackievirus A16 2A protease small scale expression and purification protocol,2024-04-26 14:01:43,dx.doi.org/10.17504/protocols.io.rm7vzj3y5lx1/v2,Enterovirus coxsackievirus A16 2A protease small scale expression and purification protocol,2024-06-12 13:20:08,dx.doi.org/10.17504/protocols.io.rm7vzj3y5lx1/v3,Enterovirus coxsackievirus A16 2A protease small scale expression and purification protocol,2025-04-22 13:05:52,,,,"This protocol details the expression and purification of coxsackievirus A16 2A protease construct bearing a N-terminal His-SUMO tag at small scale (<6L).
 Picornaviridae Enterovirus coxsackievirus A16 (CVA16)",,,,,,,,,,,
101685,2024-06-12 14:50:32,SARS-CoV-2 nsp3 macrodomain expression and purification protocol for crystallization,dx.doi.org/10.17504/protocols.io.dm6gpz9xplzp/v1,1E85C30028CB11EFB73A0A58A9FEAC02,2024-08-09 14:16:40,https://www.protocols.io/view/sars-cov-2-nsp3-macrodomain-expression-and-purific-dfiv3ke6,True,sars-cov-2-nsp3-macrodomain-expression-and-purific-dfiv3ke6,"[{'funder_name': 'National Institutes of Health/National Institute Of Allergy and Infectious Diseases (NIH/NIAID)', 'grant_id': 'U19AI171399'}]",National Institutes of Health/National Institute Of Allergy and Infectious Diseases (NIH/NIAID),U19AI171399,SiYi Wang,CMD,SiYi Wang,"Centre for Medicines Discovery, University of Oxford",Michael Fairhead,"Centre for Medicines Discovery, University of Oxford",Eleanor Williams,"Centre for Medicines Discovery, University of Oxford",dx.doi.org/10.17504/protocols.io.dm6gpz9xplzp/v1,SARS-CoV-2 nsp3 macrodomain expression and purification protocol for crystallization,2024-08-09 14:16:40,dx.doi.org/10.17504/protocols.io.dm6gpz9xplzp/v2,SARS-CoV-2 nsp3 macrodomain expression and purification protocol for crystallization,2025-06-05 12:17:58,,,,,,,"This protocol details the expression and purification of SARS-CoV-2 nsp3 macrodomain crystallization construct bearing a N-terminal His-tag at small scale (<6L).
",,,,,,,,,,,
101750,2024-06-13 12:52:07,Zika NS5 RdRp Histidine-Thioredoxin tagged construct  small scale expression and purification protocol,dx.doi.org/10.17504/protocols.io.rm7vzjkq2lx1/v1,BDCB01C2298311EF84A60A58A9FEAC02,2025-04-22 17:27:50,https://www.protocols.io/view/zika-ns5-rdrp-histidine-thioredoxin-tagged-constru-dfkw3kxe,True,zika-ns5-rdrp-histidine-thioredoxin-tagged-constru-dfkw3kxe,"[{'funder_name': 'National Institutes of Health/National Institute Of Allergy and Infectious Diseases (NIH/NIAID)', 'grant_id': 'U19AI171399'}]",National Institutes of Health/National Institute Of Allergy and Infectious Diseases (NIH/NIAID),U19AI171399,SiYi Wang,CMD,SiYi Wang,"Centre for Medicines Discovery, University of Oxford, ASAP Discovery Consortium",Michael Fairhead,"Centre for Medicines Discovery, University of Oxford, ASAP Discovery Consortium",Eleanor Williams,"Centre for Medicines Discovery, University of Oxford, ASAP Discovery Consortium",dx.doi.org/10.17504/protocols.io.rm7vzjkq2lx1/v1,Zika NS5 RdRp Histidine-Thioredoxin tagged construct  small scale expression and purification protocol,2025-04-22 17:27:50,,,,,,,,,,"We present a comprehensive small-scale (<6L) protocol for the expression and purification of the Zika virus NS5 RNA-dependent RNA polymerase (RdRp) domain with an N-terminal His-Trx (Histidine-Thioredoxin) tag. Using the BL21(DE3)-RR E. coli expression system, the protocol describes bacterial transformation, protein induction with IPTG, and a three-step purification process including immobilized metal affinity chromatography (IMAC), TEV protease-mediated tag cleavage, and size-exclusion chromatography. This method yields purified, functional Zika NS5 RdRp suitable for structural studies and antiviral drug screening. The His-Trx tag enhances protein solubility while allowing efficient separation of the cleaved target protein. Special attention is given to preventing degradation of this inherently unstable protein through optimized buffer conditions and expedited purification at low temperatures. The resulting protein can be concentrated to approximately 7 mg/mL and stored at -80°C in small aliquots to minimize freeze-thaw cycles.
",,,,,,,,,,,
101759,2024-06-13 14:51:09,Small-scale Expression and Purification Protocol for His-SUMO Tagged Enterovirus D68 Strain STL 2014 12 3C Protease in E. coli,dx.doi.org/10.17504/protocols.io.n92ld8rnov5b/v1,5EBA5300299411EF84A60A58A9FEAC02,2025-04-25 10:44:37,https://www.protocols.io/view/small-scale-expression-and-purification-protocol-f-dfk73kzn,True,small-scale-expression-and-purification-protocol-f-dfk73kzn,"[{'funder_name': 'National Institutes of Health/National Institute Of Allergy and Infectious Diseases (NIH/NIAID)', 'grant_id': 'U19AI171432'}]",National Institutes of Health/National Institute Of Allergy and Infectious Diseases (NIH/NIAID),U19AI171432,SiYi Wang,CMD,SiYi Wang,Centre for Medicines Discovery; University of Oxford; ASAP Discovery Consortium,Michael Fairhead,Centre for Medicines Discovery; University of Oxford; ASAP Discovery Consortium,Eleanor Williams,Centre for Medicines Discovery; University of Oxford; ASAP Discovery Consortium,dx.doi.org/10.17504/protocols.io.n92ld8rnov5b/v1,Small-scale Expression and Purification Protocol for His-SUMO Tagged Enterovirus D68 Strain STL 2014 12 3C Protease in E. coli,2025-04-25 10:44:37,,,,,,,,,,"This protocol describes the expression and purification of Enterovirus D68 (EV-D68) strain EV-D68 STL 2014 12 3C protease in E. coli Rosetta BL21(DE3)-RR cells. The protein is expressed with an N-terminal His-SUMO tag using an auto-induction system at 18°C. Purification involves cell lysis, initial nickel affinity chromatography (IMAC), SUMO tag removal using His-SENP1 protease, reverse IMAC to remove the cleaved tag, and a final size exclusion chromatography step using a Superdex 75 column. The protocol yields pure protein at approximately 20 mg/mL concentration, suitable for subsequent biochemical and structural studies. The entire process is optimized for small-scale expression (<6L) and takes approximately 5 days from transformation to final purified protein.
",,,,,,,,,,,
101842,2024-06-14 15:25:33, Enterovirus A71 3C protease small scale expression and purification protocol,dx.doi.org/10.17504/protocols.io.36wgqndzogk5/v1,573899B52A6211EFBF180A58A9FEAC02,2025-04-23 16:11:57,https://www.protocols.io/view/enterovirus-a71-3c-protease-small-scale-expressio-dfps3mne,True,enterovirus-a71-3c-protease-small-scale-expressio-dfps3mne,"[{'funder_name': 'National Institutes of Health/National Institute Of Allergy and Infectious Diseases (NIH/NIAID)', 'grant_id': 'U19AI171399'}]",National Institutes of Health/National Institute Of Allergy and Infectious Diseases (NIH/NIAID),U19AI171399,SiYi Wang,CMD,SiYi Wang,Centre for Medicines Discover; University of Oxford; ASAP Discovery Consortium,Michael Fairhead,Centre for Medicines Discover; University of Oxford; ASAP Discovery Consortium,Eleanor Williams,Centre for Medicines Discover; University of Oxford; ASAP Discovery Consortium,dx.doi.org/10.17504/protocols.io.36wgqndzogk5/v1, Enterovirus A71 3C protease small scale expression and purification protocol,2025-04-23 16:11:57,,,,,,,,,,"This protocol details the expression and purification of enterovirus A71 3C protease construct bearing a C-terminal His-tag at small scale (<6L).
",,,,,,,,,,,
101847,2024-06-14 16:21:42,Enterovirus A71 3C protease large scale purification protocol,dx.doi.org/10.17504/protocols.io.eq2lyw6rqvx9/v1,2F4CEA442A6A11EFBF180A58A9FEAC02,2025-07-29 09:28:48,https://www.protocols.io/view/enterovirus-a71-3c-protease-large-scale-purificati-dfpx3mpn,True,enterovirus-a71-3c-protease-large-scale-purificati-dfpx3mpn,"[{'funder_name': 'National Institutes of Health/National Institute Of Allergy and Infectious Diseases (NIH/NIAID)', 'grant_id': 'U19AI171399'}]",National Institutes of Health/National Institute Of Allergy and Infectious Diseases (NIH/NIAID),U19AI171399,SiYi Wang,CMD,SiYi Wang,Centre for Medicines Discovery; University of Oxford; ASAP Discovery Consortium,Michael Fairhead,Centre for Medicines Discovery; University of Oxford; ASAP Discovery Consortium,Eleanor Williams,Centre for Medicines Discovery; University of Oxford; ASAP Discovery Consortium,dx.doi.org/10.17504/protocols.io.eq2lyw6rqvx9/v1,Enterovirus A71 3C protease large scale purification protocol,2025-07-29 09:28:48,,,,,,,,,,"This protocol details the expression and purification of enterovirus A71 3C protease construct bearing a C-terminal His-tag at large scale (>6L)
",,,,,,,,,,,
101849,2024-06-14 16:34:17,Enterovirus D68 3C protease large scale purification protocol,dx.doi.org/10.17504/protocols.io.n92ld8yd7v5b/v2,F17207EB2A6B11EFBF180A58A9FEAC02,2025-07-29 09:10:29,https://www.protocols.io/view/enterovirus-d68-3c-protease-large-scale-purificati-dfpz3mp6,True,enterovirus-d68-3c-protease-large-scale-purificati-dfpz3mp6,"[{'funder_name': 'National Institutes of Health/National Institute Of Allergy and Infectious Diseases (NIH/NIAID)', 'grant_id': 'U19AI171399'}]",National Institutes of Health/National Institute Of Allergy and Infectious Diseases (NIH/NIAID),U19AI171399,SiYi Wang,CMD,SiYi Wang,"Centre for Medicines Discovery, University of Oxford, ASAP Discovery Consortium",Michael Fairhead,"Centre for Medicines Discovery, University of Oxford, ASAP Discovery Consortium",Eleanor Williams,"Centre for Medicines Discovery, University of Oxford, ASAP Discovery Consortium",dx.doi.org/10.17504/protocols.io.n92ld8yd7v5b/v1,Enterovirus D68 3C protease large scale purification protocol,2024-04-26 13:24:47,dx.doi.org/10.17504/protocols.io.n92ld8yd7v5b/v2,Enterovirus D68 3C protease large scale purification protocol,2025-07-29 09:10:29,,,,,,,"This protocol details the expression and purification of enterovirus D68 3C protease construct bearing a C-terminal His-tag at large scale (>6L)
",,,,,,,,,,,
102306,2024-06-24 13:21:52,Crystallisation protocol for SARS-CoV-2 nsp3 macrodomain in P1 21 1,dx.doi.org/10.17504/protocols.io.261ge5ej7g47/v1,B8A4D0F4322C11EF890F0A58A9FEAC02,2024-08-19 12:09:29,https://www.protocols.io/view/crystallisation-protocol-for-sars-cov-2-nsp3-macro-df6a3rae,True,crystallisation-protocol-for-sars-cov-2-nsp3-macro-df6a3rae,"[{'funder_name': 'National Institutes of Health/National Institute Of Allergy and Infectious Diseases (NIH/NIAID)', 'grant_id': 'Grant ID: U19AI171399'}]",National Institutes of Health/National Institute Of Allergy and Infectious Diseases (NIH/NIAID),Grant ID: U19AI171399,Peter Marples,Diamond Light Source,Jasmin Aschenbrenner,Diamond Light Source; Research Complex at Harwell,Peter Marples,Diamond Light Source; Research Complex at Harwell,Lizbé Koekemoer,"Centre of Medicines Discovery, University of Oxford",dx.doi.org/10.17504/protocols.io.261ge5ej7g47/v1,Crystallisation protocol for SARS-CoV-2 nsp3 macrodomain in P1 21 1,2024-08-19 12:09:29,,,,,,,,,,"The COVID-19 pandemic has demonstrated the need for novel therapeutic interventions and improved pandemic preparedness strategies against severe acute respiratory syndrome coronavirus 2 (SARS-CoV-2). This protocol details an optimized crystallization method for the SARS-CoV-2 nsp3 macrodomain, a potential drug target. Using sitting drop vapor diffusion with seeding, we describe specific buffer conditions and procedures to consistently produce high-quality crystals suitable for XChem fragment screening. The method yields crystals that diffract to an average resolution of 1.5 Å, enabling high-resolution structural studies and can also be used for compound development through co-crystallization experiments.  All structures solved during the development of tool compounds for the SARS-CoV-2 nsp3 macrodomain are deposited on the PDB (Group deposition: G_1002283).",,,,Charlie Tomlinson,Diamond Light Source; Research Complex at Harwell,Daren Fearon,Diamond Light Source; Research Complex at Harwell,,,,
102376,2024-06-25 15:47:21,50% Tissue Culture Infectious Dose (TCID50) for SARS-CoV-2,dx.doi.org/10.17504/protocols.io.dm6gpzz28lzp/v2,358FF72C330A11EF890F0A58A9FEAC02,2025-08-04 09:36:52,https://www.protocols.io/view/50-tissue-culture-infectious-dose-tcid50-for-sars-df8g3rtw,True,50-tissue-culture-infectious-dose-tcid50-for-sars-df8g3rtw,"[{'funder_name': 'National Institutes of Health/National Institute Of Allergy and Infectious Diseases (NIH/NIAID)', 'grant_id': 'U19AI171399'}]",National Institutes of Health/National Institute Of Allergy and Infectious Diseases (NIH/NIAID),U19AI171399,Briana L McGovern,Icahn School of Medicine at Mount Sinai,Briana L McGovern,Icahn School of Medicine at Mount Sinai; ASAP Discovery Consortium,,,,,,SARS-CoV-2 TCID50,2024-06-03 16:35:28,dx.doi.org/10.17504/protocols.io.dm6gpzz28lzp/v2,50% Tissue Culture Infectious Dose (TCID50) for SARS-CoV-2,2025-08-04 09:36:52,,,,,,,"To establish a reliable TCID50 screening assay for quantifying SARS-CoV-2 infectivity in cell culture systems and support downstream applications in therapeutic development. Protocol used to titer both animal tissue samples and viral stocks at BSL-3. The 50% Tissue Culture Infectious Dose (TCID50) assay provides a standardized method to determine the viral titer that infects 50% of cell cultures, serving as a critical tool for measuring infectious viral particles.",,,,,,,,,,,
102453,2024-06-26 13:32:47,Crystallisation of MERS-CoV Mpro,dx.doi.org/10.17504/protocols.io.8epv5rn84g1b/v1,936A8AD733C011EFA81B0A58A9FEAC02,2024-10-02 09:33:01,https://www.protocols.io/view/crystallisation-of-mers-cov-mpro-dgav3se6,True,crystallisation-of-mers-cov-mpro-dgav3se6,"[{'funder_name': 'National Institutes of Health/National Institute Of Allergy and Infectious Diseases (NIH/NIAID)', 'grant_id': 'Grant ID: U19AI171399'}]",National Institutes of Health/National Institute Of Allergy and Infectious Diseases (NIH/NIAID),Grant ID: U19AI171399,Peter Marples,Diamond Light Source,Blake Balcomb,Diamond Light Source; Research Complex at Harwell,Peter Marples,Diamond Light Source; Research Complex at Harwell,Lizbé Koekemoer,"Centre of Medicines Discovery, University of Oxford",dx.doi.org/10.17504/protocols.io.8epv5rn84g1b/v1,Crystallisation of MERS-CoV Mpro,2024-10-02 09:33:01,dx.doi.org/10.17504/protocols.io.8epv5rn84g1b/v2,Crystallisation of MERS-CoV Mpro in C2221  used for compound soaking,2025-05-13 12:14:40,,,,,,," The COVID-19 pandemic has highlighted the need to identify novel therapeutic interventions and strategies for pandemic preparedness. Other than Severe Acute Respiratory Syndrome Coronavirus 2 (SARS-CoV-2), there are several human coronaviruses that are of pandemic concern, these include SARS-CoV and Middle Eastern Respiratory Syndrome (MERS-CoV). MERS-CoV is a zoonotic virus that was first discovered in 2012. The disease has spread rapidly with large outbreaks as recent as 2015 and 2018. Currently there is no therapeutic intervention for MERS-CoV with 35% of reported cases resulting in human death. Like-wise to SARS-CoV-2, MERS-CoV produces a main protease (Mpro) which is essential for viral replication and therefore an attractive target to inhibit the virus. ",,,,Daren Fearon,Diamond Light Source; Research Complex at Harwell,Charlie Tomlinson,Diamond Light Source; Research Complex at Harwell,,,,
102454,2024-06-26 13:40:36,Crystallisation of SARS-CoV-2 Mpro,dx.doi.org/10.17504/protocols.io.261ge5emyg47/v1,AB46BBB633C111EFA81B0A58A9FEAC02,2024-10-02 09:31:47,https://www.protocols.io/view/crystallisation-of-sars-cov-2-mpro-dgaw3sfe,True,crystallisation-of-sars-cov-2-mpro-dgaw3sfe,"[{'funder_name': 'National Institutes of Health/National Institute Of Allergy and Infectious Diseases (NIH/NIAID)', 'grant_id': 'Grant ID: U19AI171399'}]",National Institutes of Health/National Institute Of Allergy and Infectious Diseases (NIH/NIAID),Grant ID: U19AI171399,Peter Marples,Diamond Light Source,Blake Balcomb,Diamond Light Source; Research Complex at Harwell,Peter Marples,Diamond Light Source; Research Complex at Harwell,Lizbé Koekemoer,"Centre of Medicines Discovery, University of Oxford",dx.doi.org/10.17504/protocols.io.261ge5emyg47/v1,Crystallisation of SARS-CoV-2 Mpro,2024-10-02 09:31:47,dx.doi.org/10.17504/protocols.io.261ge5emyg47/v2,Crystallisation of SARS-CoV-2 MPro in  P212121 for compound soaking,2025-05-13 12:27:18,,,,,,,The COVID-19 pandemic has highlighted the need to identify novel therapeutic interventions and strategies for pandemic preparedness against Severe Acute Respiratory Syndrome Coronavirus 2 (SARS-CoV-2). This protocol outlines the crystallization protocol and buffer conditions used to obtain reproducible SARS-CoV-2 Mpro crystals suitable for XChem fragment screening.,,,,Daren Fearon,Diamond Light Source; Research Complex at Harwell,Charlie Tomlinson,Diamond Light Source; Research Complex at Harwell,,,,
102455,2024-06-26 13:45:18,Crystallisation of Enterovirus coxsackievirus A16 2A protease,dx.doi.org/10.17504/protocols.io.q26g715eqgwz/v1,5372694633C211EFA81B0A58A9FEAC02,2024-10-02 09:30:00,https://www.protocols.io/view/crystallisation-of-enterovirus-coxsackievirus-a16-dgax3sfn,True,crystallisation-of-enterovirus-coxsackievirus-a16-dgax3sfn,"[{'funder_name': 'National Institutes of Health/National Institute Of Allergy and Infectious Diseases (NIH/NIAID)', 'grant_id': 'Grant ID: U19AI171399'}]",National Institutes of Health/National Institute Of Allergy and Infectious Diseases (NIH/NIAID),Grant ID: U19AI171399,Peter Marples,Diamond Light Source,Ryan Lithgo,Diamond Light Source; Research Complex at Harwell,Peter Marples,Diamond Light Source; Research Complex at Harwell,Lizbé Koekemoer,"Centre of Medicines Discovery, University of Oxford",dx.doi.org/10.17504/protocols.io.q26g715eqgwz/v1,Crystallisation of Enterovirus coxsackievirus A16 2A protease,2024-10-02 09:30:00,,,,,,,,,,"Picornaviridae coxsackievirus A16 is the causative agent of paediatric hand-foot-and-mouth disease, and a target for pandemic preparedness due to the risk of higher order complications in a large-scale outbreak. The 2A protease of the virus is responsible for self-cleavage from the poly protein, allowing for correct folding and assembly of capsid proteins in the final stages of viral replication. Inhibition deranges capsid folding and assembly, preventing formation of mature virions in host cells and making the protease a valuable target for antiviral activity. This protocol was used to grow coxsackievirus A16 crystals that were applied high-throughput crystallographic fragment screening on the target.",,,,Daren Fearon,Diamond Light Source; Research Complex at Harwell,,,,,,
104139,2024-07-26 10:32:13,XChem crystallographic fragment screening,dx.doi.org/10.17504/protocols.io.n2bvjnzwxgk5/v1,52815C1E4B3A11EFB6E60A58A9FEAC02,2025-02-18 15:49:23,https://www.protocols.io/view/xchem-crystallographic-fragment-screening-dhxj37kn,True,xchem-crystallographic-fragment-screening-dhxj37kn,"[{'funder_name': 'National Institutes of Health/National Institute Of Allergy and Infectious Diseases (NIH/NIAID)', 'grant_id': 'U19AI171399'}]",National Institutes of Health/National Institute Of Allergy and Infectious Diseases (NIH/NIAID),U19AI171399,Peter Marples,Diamond Light Source,Peter Marples,Diamond Light Source; Research Complex at Harwell; ASAP Discovery Consortium,Daren Fearon,Diamond Light Source; Research Complex at Harwell; ASAP Discovery Consortium,Blake Balcomb,Diamond Light Source; Research Complex at Harwell; ASAP Discovery Consortium,dx.doi.org/10.17504/protocols.io.n2bvjnzwxgk5/v1,XChem crystallographic fragment screening,2025-02-18 15:49:23,,,,,,,,,,"The XChem Facility at Diamond Light Source provides routine, large scale crystal graphic fragment screening, supporting the entire crystal to deposition process. X-ray crystallography is an essential part to the FBDD toolkit. It is sensitive enough to identify weak binders and directly yields structural information about the interactions on a molecular level. Here we summarise a generic layout of a crystallographic fragment screening protocol.",,,,,,,,,,,
104490,2024-08-01 17:33:38,Live Virus SARS-CoV-2 - iPSC Pneumocyte - Antiviral Screening,dx.doi.org/10.17504/protocols.io.36wgqne6kgk5/v1,2FC55409502C11EF96980A58A9FEAC02,2025-08-03 14:12:30,https://www.protocols.io/view/live-virus-sars-cov-2-ipsc-pneumocyte-antiviral-sc-diai4ace,True,live-virus-sars-cov-2-ipsc-pneumocyte-antiviral-sc-diai4ace,"[{'funder_name': 'National Institutes of Health/National Institute Of Allergy and Infectious Diseases (NIH/NIAID)', 'grant_id': 'U19AI171399'}]",National Institutes of Health/National Institute Of Allergy and Infectious Diseases (NIH/NIAID),U19AI171399,Briana L McGovern,Icahn School of Medicine at Mount Sinai,Briana L McGovern,Icahn School of Medicine at Mount Sinai; ASAP Drug Discovery,,,,,dx.doi.org/10.17504/protocols.io.36wgqne6kgk5/v1,Live Virus SARS-CoV-2 - iPSC Pneumocyte - Antiviral Screening,2025-08-03 14:12:30,,,,,,,,,,"The following is a protocol for live virus antiviral screening against SARS-CoV-2 in iPSC pneumocyte cells. iPSC pneumocytes are prophylactically treated with antiviral candidates that have been serially diluted to investigate activity, via IC50 values generated via analysis of immunofluorescent staining, against SARS-CoV-2. Each live virus screening assay is accompanied by a matching cytotoxicity screening assay to investigate drug toxicity.",,,,,,,,,,,
104519,2024-08-02 09:34:53,Creoptix Protein Immobilization Protocol: His-tag Capture via EDC/NHS chemistry,dx.doi.org/10.17504/protocols.io.4r3l2qynxl1y/v1,D89EFE5485B94959AD0EC275C66DCC8F,2025-02-21 15:21:02,https://www.protocols.io/view/creoptix-protein-immobilization-protocol-his-tag-c-dibf4ajn,True,creoptix-protein-immobilization-protocol-his-tag-c-dibf4ajn,"[{'funder_name': 'National Institutes of Health/National Institute Of Allergy and Infectious Diseases (NIH/NIAID)', 'grant_id': 'U19AI171399'}]",National Institutes of Health/National Institute Of Allergy and Infectious Diseases (NIH/NIAID),U19AI171399,Eda Capkin,--,Eda Capkin,Diamond Light Source; Research Complex at Harwell; ASAP Discovery Consortium,,,,,dx.doi.org/10.17504/protocols.io.4r3l2qynxl1y/v1,Creoptix Protein Immobilization Protocol: His-tag Capture via EDC/NHS chemistry,2025-02-21 15:21:02,,,,,,,,,,"This protocol outlines a comprehensive method for immobilizing His-tagged proteins on a PCH-NTA chip using the Creoptix WAVEsystem. The procedure involves chip conditioning, protein capture, and covalent immobilization through His capture and EDC/NHS chemistry. Key steps include surface activation with NiCl2, protein capture, and surface passivation with ethanolamine. It emphasizes the importance of optimizing protein concentration and injection duration to achieve desired immobilization levels. This method enables the stable attachment of His-tagged proteins in an oriented and active way for subsequent binding studies and is adaptable to various protein targets.",,,,,,,,,,,
104824,2024-08-06 16:40:41,Cytotoxicity Screening Assay - Paired with Antiviral Assays,dx.doi.org/10.17504/protocols.io.bp2l62mozgqe/v1,1D8FCA4CE1FA4A44A568D9D2B36BDF69,2025-03-18 21:48:58,https://www.protocols.io/view/cytotoxicity-screening-assay-paired-with-antiviral-diky4cxw,True,cytotoxicity-screening-assay-paired-with-antiviral-diky4cxw,"[{'funder_name': 'National Institutes of Health/National Institute Of Allergy and Infectious Diseases (NIH/NIAID)', 'grant_id': 'Grant ID: U19AI171399'}]",National Institutes of Health/National Institute Of Allergy and Infectious Diseases (NIH/NIAID),Grant ID: U19AI171399,Briana L McGovern,Icahn School of Medicine at Mount Sinai,Briana L McGovern,Icahn School of Medicine at Mount Sinai ; ASAP Discovery Consortium,Kris White,Icahn School of Medicine at Mount Sinai; ASAP Discovery Consortium,,,dx.doi.org/10.17504/protocols.io.bp2l62mozgqe/v1,Cytotoxicity Screening Assay - Paired with Antiviral Assays,2025-03-18 21:48:58,,,,,,,,,,"The following is a cytotoxicity protocol to be paired with a live virus antiviral screening in vitro. Cells are prophylactically treated with antiviral candidates that have been serially diluted to investigate activity, via CC50 values generated via analysis of MTT/MTS assays in uninfected cells.  You may opt to include PgP inhibitor in the assay by adding 2uM into the infection media. For antiviral screenings for the family of virus you are working on, you will set up both an antiviral plate (infected) and a cytotoxicity plate (uninfected). The cytotoxicity plate will measure the cytotoxicity of the compounds on the cells.",,,,,,,,,,,
104826,2024-08-06 17:08:50,Calculating Multiplicity of Infection (MOI),dx.doi.org/10.17504/protocols.io.rm7vzj1wrlx1/v1,B5F1EF08D15540E8B5B72401DF5154F9,2025-03-18 21:48:59,https://www.protocols.io/view/calculating-multiplicity-of-infection-moi-dik24cye,True,calculating-multiplicity-of-infection-moi-dik24cye,"[{'funder_name': 'National Institutes of Health/National Institute Of Allergy and Infectious Diseases (NIH/NIAID)', 'grant_id': 'U19AI171399'}]",National Institutes of Health/National Institute Of Allergy and Infectious Diseases (NIH/NIAID),U19AI171399,Briana L McGovern,Icahn School of Medicine at Mount Sinai,Briana L McGovern,Icahn School of Medicine at Mount Sinai; ASAP Discovery Consortium,Kris White,Icahn School of Medicine at Mount Sinai; ASAP Discovery Consortium,,,dx.doi.org/10.17504/protocols.io.rm7vzj1wrlx1/v1,Calculating Multiplicity of Infection (MOI),2025-03-18 21:48:59,,,,,,,,,,"Multiplicity of infection (MOI) is the ratio of viral particles to cells. The ideal MOI for antiviral screenings will depend on several things - the cell type, the cell passage, the virus type, the amount of cells, etc.",,,,,,,,,,,
104929,2024-08-07 21:34:56,iPSC Pneumocyte Live Virus SARS-CoV-2 Cytotoxicity Screening Assay,dx.doi.org/10.17504/protocols.io.8epv5rm96g1b/v1,E4141F6F550411EFA9190A58A9FEAC02,2025-08-03 14:12:30,https://www.protocols.io/view/ipsc-pneumocyte-live-virus-sars-cov-2-cytotoxicity-dip94dr6,True,ipsc-pneumocyte-live-virus-sars-cov-2-cytotoxicity-dip94dr6,"[{'funder_name': 'National Institutes of Health/National Institute Of Allergy and Infectious Diseases (NIH/NIAID)', 'grant_id': 'U19AI171399'}]",National Institutes of Health/National Institute Of Allergy and Infectious Diseases (NIH/NIAID),U19AI171399,Briana L McGovern,Icahn School of Medicine at Mount Sinai,Briana L McGovern,Icahn School of Medicine at Mount Sinai; ASAP Discovery Consortium,Kris White,Icahn School of Medicine at Mount Sinai; ASAP Discovery Consortium,,,dx.doi.org/10.17504/protocols.io.8epv5rm96g1b/v1,iPSC Pneumocyte Live Virus SARS-CoV-2 Cytotoxicity Screening Assay,2025-08-03 14:12:30,,,,,,,,,,"These immunofluorescence-based antiviral assays rely on identification of infected cells through immunostaining the NP (influenza virus), N (SARS-CoV-2) proteins, or any relevant viral antigen at 488nM and counterstaining with DAPI. Infected cells (488nM) and total cells (DAPI) are identified and
quantified by a plate cytometer (Biotek Cytation 1). Compounds are tested in a triplicate 8-point
dose-response with concurrent cytotoxicity assays (MTT Roche/MTS Promega) in uninfected
cells. These assays can be run on any adherent cell type, such as standard cell lines and iPSC-derived cell types. DMSO infection controls (negative) and uninfected cell controls (positive) should be included on every plate. The DMSO controls will establish 100% infection and the uninfected wells 0% infection for each plate. Relevant control compounds should be included as controls for every run. The effect p-gp inhibitors on known p-gp subtrates should be explored in all new cell types used.  These assays accurately reflect the antiviral activity of compounds in medium-to-high throughput, depending on the level of automation.",,,,,,,,,,,
104930,2024-08-07 21:41:44,SARS-CoV-2 Antiviral Immunofluorescence staining Protocol,dx.doi.org/10.17504/protocols.io.261ge5jnog47/v1,F5CEFF3CF9EE4653B3D98653123E7104,2025-03-18 21:48:59,https://www.protocols.io/view/sars-cov-2-antiviral-immunofluorescence-staining-p-diqa4dse,True,sars-cov-2-antiviral-immunofluorescence-staining-p-diqa4dse,[],,,Briana L McGovern,Icahn School of Medicine at Mount Sinai,Briana L McGovern,Icahn School of Medicine at Mount Sinai; ASAP Discovery Consortium,,,,,dx.doi.org/10.17504/protocols.io.261ge5jnog47/v1,SARS-CoV-2 Antiviral Immunofluorescence staining Protocol,2025-03-18 21:48:59,,,,,,,,,,This protocol describes immunofluorescence staining of fixed SARS-CoV-2 infected cells using IC7C7 primary antibody (produced in house against SARS-CoV-2 NP) and Alexa Fluor 488-conjugated secondary antibody. The procedure results in fluorescently labeled infected cells for quantification of viral infection.,,,,,,,,,,,
104938,2024-08-07 22:58:02,Generating Antiviral & Cytotoxicity Curves,dx.doi.org/10.17504/protocols.io.e6nvw12kzlmk/v1,BE4AF325CED344E39585B005EFAC2187,2025-03-18 21:48:59,https://www.protocols.io/view/generating-antiviral-amp-cytotoxicity-curves-diqi4due,True,generating-antiviral-amp-cytotoxicity-curves-diqi4due,"[{'funder_name': 'National Institutes of Health/National Institute Of Allergy and Infectious Diseases (NIH/NIAID)', 'grant_id': 'U19AI171399'}]",National Institutes of Health/National Institute Of Allergy and Infectious Diseases (NIH/NIAID),U19AI171399,Briana L McGovern,Icahn School of Medicine at Mount Sinai,Briana L McGovern,Icahn School of Medicine at Mount Sinai; ASAP Discovery Consortium,,,,,dx.doi.org/10.17504/protocols.io.e6nvw12kzlmk/v1,Generating Antiviral & Cytotoxicity Curves,2025-03-18 21:48:59,,,,,,,,,,This describes generating Antiviral & Cytotoxicity Curves,,,,,,,,,,,
104940,2024-08-07 23:34:53,Live Virus MERS-CoV - Vero-TMPRSS2 + Pgp Inhibitor- Antiviral Screening Assay,dx.doi.org/10.17504/protocols.io.5qpvok2b7l4o/v1,A5BD29B2551511EF8F4F0A58A9FEAC02,2025-08-03 14:24:07,https://www.protocols.io/view/live-virus-mers-cov-vero-tmprss2-pgp-inhibitor-ant-diqk4duw,True,live-virus-mers-cov-vero-tmprss2-pgp-inhibitor-ant-diqk4duw,"[{'funder_name': 'National Institutes of Health/National Institute Of Allergy and Infectious Diseases (NIH/NIAID)', 'grant_id': 'U19AI171399'}]",National Institutes of Health/National Institute Of Allergy and Infectious Diseases (NIH/NIAID),U19AI171399,Briana L McGovern,Icahn School of Medicine at Mount Sinai,Briana L McGovern,Icahn School of Medicine at Mount Sinai; ASAP Discovery Consortium,,,,,dx.doi.org/10.17504/protocols.io.5qpvok2b7l4o/v1,Live Virus MERS-CoV - Vero-TMPRSS2 + Pgp Inhibitor- Antiviral Screening Assay,2025-08-03 14:24:07,,,,,,,,,,"The following is a protocol for live virus antiviral screening against MERS-CoV EMC2012 in vitro. Cells are prophylactically treated with antiviral candidates that have been serially diluted to investigate activity, via IC50 values generated via analysis of immunofluorescent staining, against MERS-CoV.  You may opt to remove PgP inhibitor in the assay. You may opt to use VeroE6 cells rather than Vero-TMPRSS2 cells. Each live virus screening assay is accompanied by a matching cytotoxicity screening assay in uninfected cells to investigate drug toxicity.",,,,,,,,,,,
104983,2024-08-08 15:33:52,SARS-CoV-2 nsp3 macrodomain His-SUMO tagged expression and purification protocol for crystallization (c004) ,dx.doi.org/10.17504/protocols.io.n92ld8jm8v5b/v1,9DE820E0559B11EFBA730A58A9FEAC02,2024-08-09 14:21:57,https://www.protocols.io/view/sars-cov-2-nsp3-macrodomain-his-sumo-tagged-expres-dirx4d7n,True,sars-cov-2-nsp3-macrodomain-his-sumo-tagged-expres-dirx4d7n,"[{'funder_name': 'National Institutes of Health/National Institute Of Allergy and Infectious Diseases (NIH/NIAID)', 'grant_id': 'U19AI171399'}]",National Institutes of Health/National Institute Of Allergy and Infectious Diseases (NIH/NIAID),U19AI171399,SiYi Wang,CMD,SiYi Wang,"Centre for Medicines Discovery, University of Oxford",Michael Fairhead,"Centre for Medicines Discovery, University of Oxford",Eleanor Williams,"Centre for Medicines Discovery, University of Oxford",dx.doi.org/10.17504/protocols.io.n92ld8jm8v5b/v1,SARS-CoV-2 nsp3 macrodomain His-SUMO tagged expression and purification protocol for crystallization (c004) ,2024-08-09 14:21:57,dx.doi.org/10.17504/protocols.io.n92ld8jm8v5b/v2,SARS-CoV-2 nsp3 macrodomain His-SUMO tagged expression and purification protocol for crystallization,2025-06-05 12:53:18,,,,,,,"This protocol details the expression and purification of SARS-CoV-2 nsp3 macrodomain crystallization construct bearing a N-terminal His-SUMO tag and truncation of the N-terminal methionine at small scale (<6L).
",,,,,,,,,,,
105043,2024-08-09 12:32:49,SARS-CoV-2 nsp3 macrodomain His-tagged expression and purification protocol for assay,dx.doi.org/10.17504/protocols.io.4r3l2qb9jl1y/v1,7D417C57564B11EFA2880A58A9FEAC02,2024-08-09 14:23:22,https://www.protocols.io/view/sars-cov-2-nsp3-macrodomain-his-tagged-expression-ditt4enn,True,sars-cov-2-nsp3-macrodomain-his-tagged-expression-ditt4enn,"[{'funder_name': 'National Institutes of Health/National Institute Of Allergy and Infectious Diseases (NIH/NIAID)', 'grant_id': 'U19AI171399'}]",National Institutes of Health/National Institute Of Allergy and Infectious Diseases (NIH/NIAID),U19AI171399,SiYi Wang,CMD,SiYi Wang,"Centre for Medicines Discovery, University of Oxford",Michael Fairhead,"Centre for Medicines Discovery, University of Oxford",Eleanor Williams,"Centre for Medicines Discovery, University of Oxford",dx.doi.org/10.17504/protocols.io.4r3l2qb9jl1y/v1,SARS-CoV-2 nsp3 macrodomain His-tagged expression and purification protocol for assay,2024-08-09 14:23:22,dx.doi.org/10.17504/protocols.io.4r3l2qb9jl1y/v2,SARS-CoV-2 nsp3 macrodomain His-tagged expression and purification protocol for assay,2024-10-22 12:51:42,dx.doi.org/10.17504/protocols.io.4r3l2qb9jl1y/v3,SARS-CoV-2 nsp3 macrodomain His-tagged expression and purification protocol for assay  ,2025-06-17 13:11:52,,,,"This protocol details the expression and purification of SARS-CoV-2 nsp3 macrodomain assay construct bearing a N-terminal His tag at small scale (<6L).
",,,,,,,,,,,
105260,2024-08-14 10:04:06,SARS-CoV-2 nsp3 macrodomain Time-Resolved FRET peptide displacement assay,dx.doi.org/10.17504/protocols.io.eq2ly7r2mlx9/v4,8B06EF7B5A2411EFAE7D0A58A9FEAC02,2024-10-09 12:25:33,https://www.protocols.io/view/sars-cov-2-nsp3-macrodomain-time-resolved-fret-pep-di2k4gcw,True,sars-cov-2-nsp3-macrodomain-time-resolved-fret-pep-di2k4gcw,"[{'funder_name': 'National Institutes of Health/National Institute Of Allergy and Infectious Diseases (NIH/NIAID)', 'grant_id': 'U19AI171399'}]",National Institutes of Health/National Institute Of Allergy and Infectious Diseases (NIH/NIAID),U19AI171399,Noa Lahav,Weizmann Institute ,Haim Barr,The Weizmann Institute of Science;ASAP Discovery,Noa Lahav,The Weizmann Institute of Science;ASAP Discovery,,,,SARS-CoV-2 Macrodomain (Mac1) TR-FRET Dose Response,2023-04-19 23:22:55,,SARS-CoV-2 nsp3 Mac1 macrodomain TR-FRET Peptide displacement Assay,2023-04-28 21:56:16,dx.doi.org/10.17504/protocols.io.eq2ly7r2mlx9/v3,SARS-CoV-2 nsp3 macrodomain Time-Resolved FRET peptide displacement assay,2024-04-25 15:04:41,dx.doi.org/10.17504/protocols.io.eq2ly7r2mlx9/v4,SARS-CoV-2 nsp3 macrodomain Time-Resolved FRET peptide displacement assay,2024-10-09 12:25:33,"This protocol details the Time-Resolved FRET (TR-FRET) assay for SARS-CoV-2 nsp3 macrodomain (Mac1) binding of adenosine diphosphate (ADP)–ribosylated (ADPr) peptide. This method measures the affinity of Mac1 to its potential inhibitors by using a specific ADPr-modified peptide that allows the detection of binding. When bound, the biotinylated-peptide and the HIS-tagged Mac1 form a proximity complex that is detected by TR-FRET using Streptavidin-Eu Cryptate and anti-HIS-XL665 as a donor/acceptor pair. Excitation of the Eu Cryptate complex at 325 nm emits a resonant energy of 625 nm which in turn excites the XL665 to emit fluorescence at 665 nm. This energy transfer occurs only when ADPr modified peptide is in sufficient proximity to Mac1 while inhibitors which displace the peptide will prevent energy transfer. Binding is reported as the ratio of Acceptor/Donor (Em/Em) X 10,000. ------------------------------------------------------- Experiment Concentrations (From Stock to Assay)      ReagentStockLoaded into CombiFinal in assay plateUnitsHis-SARS COV2 MAC1183000 5012.5nM Substrate (Biotin-ADPr) 100000001600400nMDetection solution    Streptavidin-XL665 (SA-XL)10.250.125%MAb Anti-6HIS-Eu cryptate Gold1000.250.125%Assay buffer    HEPES pH=7.025025 25 mMNaCl200 20 20 mMBSA0.50.050.05%Tween 20 0.50.050.05%HTRF PPI Europium Detection Buffer1001010 % -------------------------------------------------------  Compound Plate Design for Dose Response:     Total Assay Volume: 16 µL     Compounds Top Assay Concentration: 100 µM     Dilution Factor: 3     Dose Response Points: 10     Number of Replicates: 2     Backfill with DMSO: Yes  Compounds Plate Design for 2-Point Assay:     Total Assay Volume: 16 µL     Compounds Assay Concentration: 100 µM and 50 µM     Dilution Factor: 2     Dose Response Points: 2     Number of Replicates: 2     Backfill with DMSO: Yes  ",dx.doi.org/10.17504/protocols.io.eq2ly7r2mlx9/v5,SARS-CoV-2 nsp3 macrodomain Time-Resolved FRET peptide displacement assay,2025-08-09 17:18:29,,,,,,,,
105614,2024-08-15 14:00:16,Crystallisation protocol for SARS-CoV-2 nsp3 macrodomain in P43,dx.doi.org/10.17504/protocols.io.e6nvw1qb2lmk/v1,B318D5945B0E11EFB7510A58A9FEAC02,2024-08-19 12:10:50,https://www.protocols.io/view/crystallisation-protocol-for-sars-cov-2-nsp3-macro-djdn4i5e,True,crystallisation-protocol-for-sars-cov-2-nsp3-macro-djdn4i5e,"[{'funder_name': 'National Institutes of Health/National Institute Of Allergy and Infectious Diseases (NIH/NIAID)', 'grant_id': 'Grant ID: U19AI171399'}]",National Institutes of Health/National Institute Of Allergy and Infectious Diseases (NIH/NIAID),Grant ID: U19AI171399,Lizbé Koekemoer,University of Oxford,Jasmin Aschenbrenner,Diamond Light Source; Research Complex at Harwell,Peter Marples,Diamond Light Source; Research Complex at Harwell,Charlie Tomlinson,Diamond Light Source; Research Complex at Harwell,dx.doi.org/10.17504/protocols.io.e6nvw1qb2lmk/v1,Crystallisation protocol for SARS-CoV-2 nsp3 macrodomain in P43,2024-08-19 12:10:50,dx.doi.org/10.17504/protocols.io.e6nvw1qb2lmk/v2,Crystallisation protocol for SARS-CoV-2 nsp3 macrodomain in P43,2025-08-21 09:54:46,,,,,,,"The COVID-19 pandemic has demonstrated the need for novel therapeutic interventions and improved pandemic preparedness strategies against severe acute respiratory syndrome coronavirus 2 (SARS-CoV-2). This protocol details an optimized crystallization method for the SARS-CoV-2 nsp3 macrodomain, a potential drug target. Using sitting drop vapor diffusion, we describe specific buffer conditions and procedures to consistently produce high-quality crystals suitable for XChem fragment screening. The method yields crystals that diffract to an average resolution of 1.2 Å, enabling high-resolution structural studies. All structures solved during the development of tool compounds for the SARS-CoV-2 nsp3 macrodomain are deposited on the PDB (Group deposition: G_1002283).",,,,Lizbé Koekemoer,"Centre of Medicines Discovery, University of Oxford",Daren Fearon,Diamond Light Source; Research Complex at Harwell,,,,
105615,2024-08-15 14:01:05,Co-crystallisation protocol for SARS-CoV-2 nsp3 macrodomain in P1 21 1 with ligands,dx.doi.org/10.17504/protocols.io.n2bvjnb9bgk5/v1,D05909B45B0E11EF937D0A58A9FEAC02,2024-08-19 12:12:04,https://www.protocols.io/view/co-crystallisation-protocol-for-sars-cov-2-nsp3-ma-djdp4i5n,True,co-crystallisation-protocol-for-sars-cov-2-nsp3-ma-djdp4i5n,"[{'funder_name': 'National Institutes of Health/National Institute Of Allergy and Infectious Diseases (NIH/NIAID)', 'grant_id': 'Grant ID: U19AI171399'}]",National Institutes of Health/National Institute Of Allergy and Infectious Diseases (NIH/NIAID),Grant ID: U19AI171399,Lizbé Koekemoer,University of Oxford,Jasmin Aschenbrenner,Diamond Light Source; Research Complex at Harwell,Peter Marples,Diamond Light Source; Research Complex at Harwell,Daren Fearon,Diamond Light Source; Research Complex at Harwell,dx.doi.org/10.17504/protocols.io.n2bvjnb9bgk5/v1,Co-crystallisation protocol for SARS-CoV-2 nsp3 macrodomain in P1 21 1 with ligands,2024-08-19 12:12:04,,,,,,,,,,"The COVID-19 pandemic has demonstrated the need for novel therapeutic interventions and improved pandemic preparedness strategies against severe acute respiratory syndrome coronavirus 2 (SARS-CoV-2). This protocol details an optimized crystallization method for the SARS-CoV-2 nsp3 macrodomain, a potential drug target. Using sitting drop vapor diffusion with seeding, we describe specific buffer conditions and procedures to produce high-quality crystals of ligand-bound nsp3-mac. All structures solved during the development of tool compounds for the SARS-CoV-2 nsp3 macrodomain are deposited on the PDB (Group deposition: G_1002283).",,,,,,,,,,,
106073,2024-08-14 04:04:52,Shake-Flask Aqueous Solubility assay (Kinetic solubility),dx.doi.org/10.17504/protocols.io.j8nlk8y41l5r/v1,640E90425FAC11EFBCCB0A58A9FEAC02,2024-12-09 17:11:00,https://www.protocols.io/view/shake-flask-aqueous-solubility-assay-kinetic-solub-djtz4np6,True,shake-flask-aqueous-solubility-assay-kinetic-solub-djtz4np6,[],,,Nick Lynch,Curlew Research,Dmytro Lesyk,Enamine Ltd,Yurii Kheilik,Enamine Ltd,,,dx.doi.org/10.17504/protocols.io.j8nlk8y41l5r/v1,Shake-Flask Aqueous Solubility assay (Kinetic solubility),2024-12-09 17:11:00,,,,,,,,,,"Determining compound solubility is an essential tool for the early stages of the drug discovery process, as well as for lead optimization. Low solubility can lead to unpredictable and unreliable results during in vitro testing, thereby increasing the development costs. Solubility issues at the later stages of the drug discovery may lead to poor bioavailability, underestimated toxicity, and other obstacles, lowering the chances of a given drug candidate for success.   Typically, for early-stage drug discovery, the kinetic solubility method is used, as it is fast and well-suited for the HTS format. In this case, solid compounds are first dissolved in DMSO, and then linear serial dilutions of each compound are added to an aqueous buffer and observed for precipitate formation when the compound is not completely soluble. For better precision, the solution can be subjected to high-speed centrifugation or filtration using special solubility filter plates and then the compound concentration is measured in the saturated solution directly by UV or LC-MS/MS using separately built calibration curves. Measurements were performed by the shake-flask method with UV-Vis or LC-MS/MS detection.",,,,,,,,,,,
106086,2024-08-09 10:05:24,LogP / LogD shake-flask method,dx.doi.org/10.17504/protocols.io.e6nvw14kdlmk/v1,D7FFDAE85FBB11EF95860A58A9FEAC02,2024-09-23 17:29:51,https://www.protocols.io/view/logp-logd-shake-flask-method-djue4nte,True,logp-logd-shake-flask-method-djue4nte,[],,,Nick Lynch,Curlew Research,Yurii Kheylik,Enamine Ltd,,,,,dx.doi.org/10.17504/protocols.io.e6nvw14kdlmk/v1,LogP / LogD shake-flask method,2024-09-23 17:29:51,,,,,,,,,,"Lipophilicity is possibly the most important physicochemical parameter for any potential drug candidate. Lipophilicity measurements are valuable for understanding how drugs are dissolved in plasma and other aqueous biological fluids. Lipophilicity is typically accessed as the distribution of the tested compound between two solvents - typically non-aqueous organic (1-octanol) and aqueous (pH-buffered water), and then LogP is expressed as a Log of the concentration ratio between two phases. LogP is widely used in cheminformatics and is a component of Lipinski’s “rule of five”, which is a golden standard to evaluate a drug-likeness of a compound. According to this rule, the successful drug candidate should possess LogP value not greater than 5.   LogD is a distribution coefficient widely used to measure the lipophilicity of ionizable compounds, where the partition is a function of the pH.  For nonionizable compounds LogP = LogD throughout pH range, whereas for ionizable compounds LogD takes into account the partition of both ionized and non-ionized forms. LogD is more convenient for practical measurements, as it takes into account solution pH, which is important for the analysis of the drug candidate properties in various biological media with different pH values. The shake flask method is considered the gold standard technique for determining log D.",,,,,,,,,,,
106087,2024-08-12 04:16:27,Assessing Intestinal and CNS Permeability with MDR1-MDCKII Cells ,dx.doi.org/10.17504/protocols.io.n2bvjne6ngk5/v1,F94E00B55FBB11EFB7C00A58A9FEAC02,2024-12-09 17:11:29,https://www.protocols.io/view/assessing-intestinal-and-cns-permeability-with-mdr-djuf4ntn,True,assessing-intestinal-and-cns-permeability-with-mdr-djuf4ntn,[],,,Nick Lynch,Curlew Research,Anzhela Rodnichenko,Enamine Ltd,Yurii Kheilik,Enamine Ltd,,,dx.doi.org/10.17504/protocols.io.n2bvjne6ngk5/v1,Assessing Intestinal and CNS Permeability with MDR1-MDCKII Cells ,2024-12-09 17:11:29,,,,,,,,,,"The protocol allows measurement of the rate of flux of a compound to identify intestinal or CNS permeability. The assay measures the rate of flux across Canine MDR1 Knockout, Human MDR1 Knockin MDCKII cells (MDR1-MDCKII) cell monolayers to identify intestinal or CNS permeability.  By measuring how quickly a compound passes through MDR1-MDCKII cell monolayers, researchers can estimate its intestinal permeability and predict its potential to reach the brain.  Interpreting Results: High Permeability: A compound that readily crosses the MDR1-MDCKII monolayer is likely to be well-absorbed from the intestine and may have a high potential to reach the brain. Low Permeability: A compound that does not readily cross the monolayer may have limited intestinal absorption or be actively pumped out of the brain by the MDR1 protein.",,,,,,,,,,,
106088,2024-08-14 06:31:06,Microsomal stability assay for human and mouse liver microsomes - drug metabolism,dx.doi.org/10.17504/protocols.io.5qpvokdb9l4o/v1,227368995FBC11EFB7C00A58A9FEAC02,2024-12-09 17:10:08,https://www.protocols.io/view/microsomal-stability-assay-for-human-and-mouse-liv-djug4ntw,True,microsomal-stability-assay-for-human-and-mouse-liv-djug4ntw,[],,,Nick Lynch,Curlew Research,Lina Bortnichuk,Enamine Ltd,Anna Pashchenko,Enamine Ltd,Yurii Kheilik,Enamine Ltd,dx.doi.org/10.17504/protocols.io.5qpvokdb9l4o/v1,Microsomal stability assay for human and mouse liver microsomes - drug metabolism,2024-12-09 17:10:08,,,,,,,,,,"Microsomal stability is a key parameter in drug discovery and development to support understanding of a compound's susceptibility to liver metabolism.  This assay assesses a compound's susceptibility to metabolism by liver enzymes, primarily cytochrome P450 (CYP) enzymes. Using either human or mouse microsomes. The data analysis provides elimination constant, half-life, and intrinsic clearance . These are determined as results using linear regression analysis.   In this protocol, we measure (human or mouse) liver microsomal stability assay for 12 test articles in 96-well plate format. Microsomal incubations are carried out in 5 aliquots of 30 μL (one for each time point). The liver microsomal incubation medium comprises phosphate buffer (100 mM, pH 7.4), MgCl2 (3.3 mM), NADPН (3 mM), glucose-6-phosphate (5.3 mM), glucose-6-phosphate dehydrogenase (0.67 units/mL) with 0.415 mg of liver microsomal protein per mL. In the negative control reactions, the NADPH-cofactor system is substituted with phosphate buffer. Test compounds (2 μM, final acetonitrile concentration 1.6 %) are incubated with microsomes at 37°C, shaking at 100 rpm. Five time points over 40 minutes are analyzed (0, 7, 15, 25, and 40 min). The reactions are stopped by adding 5 volumes of acetonitrile with internal standard to incubation aliquots, followed by protein sedimentation by centrifuging at 5500 rpm for 5 minutes. Supernatants are analyzed using the HPLC-MS/MS system coupled with a tandem mass spectrometer. The elimination constant (kel), half-life (t1/2), and intrinsic clearance (Clint) are determined in a plot of ln(AUC) versus time, using linear regression analysis:    ",,,,,,,,,,,
107677,2024-09-16 12:14:23,Screening compounds that inhibit SARS-CoV-2 nsp3 macrodomain: ADP-Ribose quantification by LC/MS-MS ,dx.doi.org/10.17504/protocols.io.8epv5rpydg1b/v1,E391D9642AEA422CBC613BE610528199,2025-06-20 14:13:12,https://www.protocols.io/view/screening-compounds-that-inhibit-sars-cov-2-nsp3-m-dmd54286,True,screening-compounds-that-inhibit-sars-cov-2-nsp3-m-dmd54286,"[{'funder_name': 'National Institutes of Health/National Institute Of Allergy and Infectious Diseases (NIH/NIAID)', 'grant_id': 'U19AI171399'}]",National Institutes of Health/National Institute Of Allergy and Infectious Diseases (NIH/NIAID),U19AI171399,Noa Lahav,Weizmann Institute ,Noa Lahav,Weizmann Institute ; ASAP Discovery Consortium,Haim Barr,Weizmann Institute of Science; ASAP Discovery Consortium,,,dx.doi.org/10.17504/protocols.io.8epv5rpydg1b/v1,Screening compounds that inhibit SARS-CoV-2 nsp3 macrodomain: ADP-Ribose quantification by LC/MS-MS ,2025-06-20 14:13:12,,,,,,,,,,"Functional biochemical assay to identify treatments for viral infectious disease that targets SARS-CoV-2 nsp3 macrodomain (MAC1). Utilizing Liquid Chromatography-Mass Spectrometry/Mass Spectrometry (LC-MS/MS) analysis, MAC1 ability to hydrolyze αNAD+ in the presence of potential inhibitors was measured by quantifying ADPR and αNAD+ levels. This assay is characterized by the relative potency of inhibitors as IC50, it is modified from https://doi.org/10.1126/sciadv.abf8711. In this version, we have added the Addgene id.",,,,,,,,,,,
108370,2024-09-25 15:38:40,Live Virus Zika - Vero-TMPRSS2 + PGP Inhibitor - Antiviral Screening Assay,dx.doi.org/10.17504/protocols.io.x54v92xj1l3e/v1,3CE81AC47B5411EF98B30A58A9FEAC02,2025-08-04 07:59:07,https://www.protocols.io/view/live-virus-zika-vero-tmprss2-pgp-inhibitor-antivir-dm3s48ne,True,live-virus-zika-vero-tmprss2-pgp-inhibitor-antivir-dm3s48ne,"[{'funder_name': 'National Institutes of Health/National Institute Of Allergy and Infectious Diseases (NIH/NIAID)', 'grant_id': 'U19AI171399'}]",National Institutes of Health/National Institute Of Allergy and Infectious Diseases (NIH/NIAID),U19AI171399,Briana L McGovern,Icahn School of Medicine at Mount Sinai,Briana L McGovern,Icahn School of Medicine at Mount Sinai; ASAP Discovery Consortium,,,,,dx.doi.org/10.17504/protocols.io.x54v92xj1l3e/v1,Live Virus Zika - Vero-TMPRSS2 + PGP Inhibitor - Antiviral Screening Assay,2025-08-04 07:59:07,,,,,,,,,,"The following is a protocol for live virus antiviral screening against Zika in vitro. Cells are prophylactically treated with antiviral candidates that have been serially diluted to investigate activity, via IC50 values generated via analysis of immunofluorescent staining, against Zika.  You may choose to omit PgP inhibitor. Each live virus screening assay is accompanied by a matching cytotoxicity screening assay to investigate drug toxicity.",,,,,,,,,,,
108375,2024-09-25 16:20:45,ZIKA Antiviral Immunofluorescence staining Protocol,dx.doi.org/10.17504/protocols.io.14egn6kzyl5d/v1,1E4F6E7F7B5A11EFA8380A58A9FEAC02,2025-08-04 07:57:19,https://www.protocols.io/view/zika-antiviral-immunofluorescence-staining-protoco-dm3x48pn,True,zika-antiviral-immunofluorescence-staining-protoco-dm3x48pn,"[{'funder_name': 'National Institutes of Health/National Institute Of Allergy and Infectious Diseases (NIH/NIAID)', 'grant_id': 'U19AI171399'}]",National Institutes of Health/National Institute Of Allergy and Infectious Diseases (NIH/NIAID),U19AI171399,Briana L McGovern,Icahn School of Medicine at Mount Sinai,Briana L McGovern,Icahn School of Medicine at Mount Sinai; ASAP Discovery Consortium,,,,,dx.doi.org/10.17504/protocols.io.14egn6kzyl5d/v1,ZIKA Antiviral Immunofluorescence staining Protocol,2025-08-04 07:57:19,,,,,,,,,,This protocol describes immunofluorescence staining of fixed SARS-CoV-2 infected cells using IC7C7 primary antibody (produced in house against SARS-CoV-2 NP) and Alexa Fluor 488-conjugated secondary antibody. The procedure results in fluorescently labeled infected cells for quantification of viral infection.,,,,,,,,,,,
108825,2024-10-02 09:35:40,READDI protocol: Crystallisation of CHIKV nsP3 macrodomain,dx.doi.org/10.17504/protocols.io.j8nlk8qzdl5r/v1,B052D3BB80A111EF8DAE0A58A9FEAC02,2024-10-02 09:37:36,https://www.protocols.io/view/readdi-protocol-crystallisation-of-chikv-nsp3-macr-dnhz5b76,True,readdi-protocol-crystallisation-of-chikv-nsp3-macr-dnhz5b76,"[{'funder_name': 'National Institutes of Health/National Institute Of Allergy and Infectious Diseases (NIH/NIAID)', 'grant_id': 'U19AI171292'}]",National Institutes of Health/National Institute Of Allergy and Infectious Diseases (NIH/NIAID),U19AI171292,Peter Marples,Diamond Light Source,Jasmin Aschenbrenner,Diamond Light Source; Research Complex at Harwell,Peter Marples,Diamond Light Source; Research Complex at Harwell,Daren Fearon,Diamond Light Source; Research Complex at Harwell,dx.doi.org/10.17504/protocols.io.j8nlk8qzdl5r/v1,READDI protocol: Crystallisation of CHIKV nsP3 macrodomain,2024-10-02 09:37:36,dx.doi.org/10.17504/protocols.io.j8nlk8qzdl5r/v2,READDI protocol: Crystallisation of CHIKV nsP3 macrodomain,2024-10-07 13:03:46,,READDI protocol: Crystallisation of CHIKV nsP3 macrodomain in P31,,,,,The crystallization protocol and buffer conditions used to obtain reproducible Chikungunya Virus NS3 macrodomain crystals suitable for XChem fragment screening.,,,,,,,,,,,
108826,2024-10-02 09:39:24,Crystallisation of Enterovirus D68 3C protease,dx.doi.org/10.17504/protocols.io.rm7vzjp45lx1/v1,35D2762C80A211EF82BD0A58A9FEAC02,2024-10-02 09:39:57,https://www.protocols.io/view/crystallisation-of-enterovirus-d68-3c-protease-dnh25b8e,True,crystallisation-of-enterovirus-d68-3c-protease-dnh25b8e,"[{'funder_name': 'National Institutes of Health/National Institute Of Allergy and Infectious Diseases (NIH/NIAID)', 'grant_id': 'Grant ID: U19AI171399'}]",National Institutes of Health/National Institute Of Allergy and Infectious Diseases (NIH/NIAID),Grant ID: U19AI171399,Peter Marples,Diamond Light Source,Ryan Lithgo,Diamond Light Source; Research Complex at Harwell,Peter Marples,Diamond Light Source; Research Complex at Harwell,Lizbé Koekemoer,"Centre of Medicines Discovery, University of Oxford",dx.doi.org/10.17504/protocols.io.rm7vzjp45lx1/v1,Crystallisation of Enterovirus D68 3C protease,2024-10-02 09:39:57,dx.doi.org/10.17504/protocols.io.rm7vzjp45lx1/v2,Crystallisation of Enterovirus D68 3C protease,2025-06-05 10:35:47,,,,,,,"The development of effective broad-spectrum antivirals forms an important part of preparing for future pandemics. A cause for concern is the currently emerging pathogen Enterovirus D68 (EV-D68) which primarily spreads through respiratory routes causing mostly mild to severe respiratory illness but, in severe cases, acute flaccid myelitis. The 3C protease of EV-D68 is a potential target for the development of antiviral drugs due to its essential role in the viral life cycle and high sequence conservation. This protocol was used to grow D68 3C ProB crystals that were applied high-throughput crystallographic follow up compound screening on D68 3C.",,,,Daren Fearon,Diamond Light Source; Research Complex at Harwell,,,,,,
108828,2024-10-02 09:41:07,Crystallisation of Zika NS5 RdRp,dx.doi.org/10.17504/protocols.io.5jyl82746l2w/v1,7322874080A211EF82BD0A58A9FEAC02,2024-10-02 09:41:44,https://www.protocols.io/view/crystallisation-of-zika-ns5-rdrp-dnh45b8w,True,crystallisation-of-zika-ns5-rdrp-dnh45b8w,"[{'funder_name': 'National Institutes of Health/National Institute Of Allergy and Infectious Diseases (NIH/NIAID)', 'grant_id': 'Grant ID: U19AI171399'}]",National Institutes of Health/National Institute Of Allergy and Infectious Diseases (NIH/NIAID),Grant ID: U19AI171399,Peter Marples,Diamond Light Source,Anu V. Chandran,Diamond Light Source,Peter Marples,Diamond Light Source ; Research Complex at Harwell,Martin Austin Walsh,Diamond Light Source; Research Complex at Harwell,dx.doi.org/10.17504/protocols.io.5jyl82746l2w/v1,Crystallisation of Zika NS5 RdRp,2024-10-02 09:41:44,,,,,,,,,,"The main aim of this work was to identify small molecules that bind Zika NS5 RdRp (catalytic RNA-dependent RNA polymerase domain) through X-ray fragment-based screening. The Zika NS5 RDRP domain was cloned, expressed, purified, and crystallised.  Suitable crystals for fragment screening were produced and optimised allowing an extensive fragment campaign to be performed. A native high-resolution structure was determined at 1.8Å and formed the basis for the fragment campaign.  ",,,,,,,,,,,
108829,2024-10-02 09:43:08,Crystallisation of SARS-CoV-2 N Protein,dx.doi.org/10.17504/protocols.io.8epv5r8ydg1b/v1,BB6CA00E80A211EF82BD0A58A9FEAC02,2024-10-02 09:44:55,https://www.protocols.io/view/crystallisation-of-sars-cov-2-n-protein-dnh55b86,True,crystallisation-of-sars-cov-2-n-protein-dnh55b86,"[{'funder_name': 'National Institutes of Health/National Institute Of Allergy and Infectious Diseases (NIH/NIAID)', 'grant_id': 'Grant ID: U19AI171399'}]",National Institutes of Health/National Institute Of Allergy and Infectious Diseases (NIH/NIAID),Grant ID: U19AI171399,Peter Marples,Diamond Light Source,Peter Marples,Diamond Light Source; Research Complex at Harwell,Lizbé Koekemoer,"Centre of Medicines Discovery, University of Oxford",Daren Fearon,Diamond Light Source; Research Complex at Harwell,dx.doi.org/10.17504/protocols.io.8epv5r8ydg1b/v1,Crystallisation of SARS-CoV-2 N Protein,2024-10-02 09:44:55,dx.doi.org/10.17504/protocols.io.8epv5r8ydg1b/v2,Crystallisation of SARS-CoV-2 C terminal nucleocapsid protein for fragment screening and compound soaking,2025-10-16 13:37:57,,,,,,,The crystallization protocol and buffer conditions used to obtain reproducible SARS C0V-2 Nucelocapsid  crystals suitable for XChem fragment screening.,,,,,,,,,,,
109263,2024-10-07 12:07:52,READDI protocol: Crystallisation of CHIKV nsP3 macrodomain,dx.doi.org/10.17504/protocols.io.j8nlk8qzdl5r/v2,C711120484A411EFB4B80A58A9FEAC02,2024-10-07 13:03:46,https://www.protocols.io/view/readdi-protocol-crystallisation-of-chikv-nsp3-macr-dnxp5fmn,True,readdi-protocol-crystallisation-of-chikv-nsp3-macr-dnxp5fmn,"[{'funder_name': 'National Institutes of Health/National Institute Of Allergy and Infectious Diseases (NIH/NIAID)', 'grant_id': 'U19AI171292'}]",National Institutes of Health/National Institute Of Allergy and Infectious Diseases (NIH/NIAID),U19AI171292,Peter Marples,Diamond Light Source,Jasmin Aschenbrenner,Diamond Light Source; Research Complex at Harwell,Peter Marples,Diamond Light Source; Research Complex at Harwell,Michael Fairhead,university of oxford,dx.doi.org/10.17504/protocols.io.j8nlk8qzdl5r/v1,READDI protocol: Crystallisation of CHIKV nsP3 macrodomain,2024-10-02 09:37:36,dx.doi.org/10.17504/protocols.io.j8nlk8qzdl5r/v2,READDI protocol: Crystallisation of CHIKV nsP3 macrodomain,2024-10-07 13:03:46,,READDI protocol: Crystallisation of CHIKV nsP3 macrodomain in P31,,,,,The crystallization protocol and buffer conditions used to obtain reproducible Chikungunya Virus NS3 macrodomain crystals suitable for XChem fragment screening.,,,,Andre Schutzer de Godoy,University of Sao Paulo,Daren Fearon,Diamond Light Source; Research Complex at Harwell,,,,
109394,2024-10-08 18:06:20,MERS-CoV Antiviral Immunofluorescence staining Protocol,dx.doi.org/10.17504/protocols.io.x54v926qml3e/v1,054D401485A011EF838E0A58A9FEAC02,2025-08-03 14:24:07,https://www.protocols.io/view/mers-cov-antiviral-immunofluorescence-staining-pro-dn3s5gne,True,mers-cov-antiviral-immunofluorescence-staining-pro-dn3s5gne,[],,,Briana L McGovern,Icahn School of Medicine at Mount Sinai,Briana L McGovern,Icahn School of Medicine at Mount Sinai; ASAP Discovery Consortium,,,,,dx.doi.org/10.17504/protocols.io.x54v926qml3e/v1,MERS-CoV Antiviral Immunofluorescence staining Protocol,2025-08-03 14:24:07,,,,,,,,,,This protocol describes immunofluorescence staining of fixed SARS-CoV-2 infected cells using IC7C7 primary antibody (produced in house against SARS-CoV-2 NP) and Alexa Fluor 488-conjugated secondary antibody. The procedure results in fluorescently labeled infected cells for quantification of viral infection.,,,,,,,,,,,
109403,2024-10-08 20:15:58,Live Virus Dengue - Vero-TMPRSS2 + PGP Inhibitor - Antiviral Screening Assay,dx.doi.org/10.17504/protocols.io.14egn6d5ml5d/v1,215F53B585B211EF838E0A58A9FEAC02,2025-08-04 08:10:18,https://www.protocols.io/view/live-virus-dengue-vero-tmprss2-pgp-inhibitor-antiv-dn335gqn,True,live-virus-dengue-vero-tmprss2-pgp-inhibitor-antiv-dn335gqn,"[{'funder_name': 'National Institutes of Health/National Institute Of Allergy and Infectious Diseases (NIH/NIAID)', 'grant_id': 'U19AI171399'}]",National Institutes of Health/National Institute Of Allergy and Infectious Diseases (NIH/NIAID),U19AI171399,Briana L McGovern,Icahn School of Medicine at Mount Sinai,Briana L McGovern,Icahn School of Medicine at Mount Sinai; ASAP Discovery Consortium,,,,,dx.doi.org/10.17504/protocols.io.14egn6d5ml5d/v1,Live Virus Dengue - Vero-TMPRSS2 + PGP Inhibitor - Antiviral Screening Assay,2025-08-04 08:10:18,,,,,,,,,,"The following is a protocol for live virus antiviral screening against Dengue in vitro. Cells are prophylactically treated with antiviral candidates that have been serially diluted to investigate activity, via IC50 values generated via analysis of immunofluorescent staining, against Dengue.  You may omit PgP inhibtior. Each live virus screening assay is accompanied by a matching cytotoxicity screening assay to investigate drug toxicity.",,,,,,,,,,,
109692,2024-10-07 04:22:01,Assay for screening of compounds that inhibit enzymatic activity of DENV-2 NS2B-NS3 protease,dx.doi.org/10.17504/protocols.io.kqdg32m87v25/v1,0E9F371F87B511EF940B0A58A9FEAC02,2025-08-04 07:34:22,https://www.protocols.io/view/assay-for-screening-of-compounds-that-inhibit-enzy-dpc45iyw,True,assay-for-screening-of-compounds-that-inhibit-enzy-dpc45iyw,"[{'funder_name': 'National Institutes of Health/National Institute Of Allergy and Infectious Diseases (NIH/NIAID)', 'grant_id': 'U19AI171399'}]",National Institutes of Health/National Institute Of Allergy and Infectious Diseases (NIH/NIAID),U19AI171399,Nick Lynch,Curlew Research,Kateryna Horbatok,Enamine Ltd; ASAP Discovery Consortium,Oleksandr Zhadovets,Enamine Ltd; ASAP Discovery Consortium,,,dx.doi.org/10.17504/protocols.io.kqdg32m87v25/v1,Assay for screening of compounds that inhibit enzymatic activity of DENV-2 NS2B-NS3 protease,2025-08-04 07:34:22,,,,,,,,,,"This protocol describes the enzymatic assay used to identify compounds that inhibit enzymatic activity of the dengue virus protease (DENV-2 NS2B-NS3 protease). Enzymatic assay is based on the conversion of substrate into product, which is used for quantification of enzyme activity. In case of using fluorogenic substrates, cleavage by the enzyme releases a fluorescent fragment, enabling the direct quantification of enzyme activity via fluorescence detection. This assay is run as single point and dose response. ",,,,,,,,,,,
109824,2024-10-14 12:51:11,[Proof Reading] Dengue virus serotype 3 NS2B-NS3 protease fusion construct using parallel rapid protein expression and purification: 100 mL cultures,dx.doi.org/10.17504/protocols.io.bp2l62jzkgqe/v1,FD640E1E8A2A11EFACE60A58A9FEAC02,2024-10-29 17:36:51,https://www.protocols.io/view/proof-reading-dengue-virus-serotype-3-ns2b-ns3-pr-dpg85jzw,True,proof-reading-dengue-virus-serotype-3-ns2b-ns3-pr-dpg85jzw,"[{'funder_name': 'National Institutes of Health/National Institute Of Allergy and Infectious Diseases (NIH/NIAID)', 'grant_id': 'U19AI171432'}]",National Institutes of Health/National Institute Of Allergy and Infectious Diseases (NIH/NIAID),U19AI171432,SiYi Wang,CMD,Michael Fairhead,university of oxford,SiYi Wang,CMD,,,dx.doi.org/10.17504/protocols.io.bp2l62jzkgqe/v1,[Proof Reading] Dengue virus serotype 3 NS2B-NS3 protease fusion construct using parallel rapid protein expression and purification: 100 mL cultures,2024-10-29 17:36:51,dx.doi.org/10.17504/protocols.io.bp2l62jzkgqe/v2, Dengue virus serotype 3 NS2B-NS3 protease fusion construct using parallel rapid protein expression and purification: 100 mL cultures,2024-10-29 17:37:49,dx.doi.org/10.17504/protocols.io.bp2l62jzkgqe/v3, Dengue virus serotype 3 NS2B-NS3 protease fusion construct using parallel rapid protein expression and purification: 100 mL cultures,2025-06-04 14:27:48,,,,"This protocol details the small scale (100mL) expression and purification of Dengue virus serotype 3 NS2B-NS3 protease fusion constructs using the parallel rapid protein expression and purification (PREPX) method. Recombinant proteins are expressed in Escherichia coli using the autoinduction method and then purified in parallel using a IMAC, desalt, tag cleavage, reverse IMAC and gel filtration work flow.  This protocol is adapted from the original PREPX protocol, which is suitable for expressing and purifying multiple constructs in parallel. The protocol can also be adapted for single construct.  ",,,,,,,,,,,
109852,2024-10-14 15:50:06,Dengue virus serotype 4 NS2B-NS3 protease fusion construct: 100 mL cultures,dx.doi.org/10.17504/protocols.io.5jyl824x9l2w/v1,FC02AC7C8A4311EF95840A58A9FEAC02,2024-10-29 17:45:36,https://www.protocols.io/view/dengue-virus-serotype-4-ns2b-ns3-protease-fusion-c-dph45j8w,True,dengue-virus-serotype-4-ns2b-ns3-protease-fusion-c-dph45j8w,"[{'funder_name': 'National Institutes of Health/National Institute Of Allergy and Infectious Diseases (NIH/NIAID)', 'grant_id': 'U19AI171399'}]",National Institutes of Health/National Institute Of Allergy and Infectious Diseases (NIH/NIAID),U19AI171399,SiYi Wang,CMD,Michael Fairhead,university of oxford,SiYi Wang,CMD,,,dx.doi.org/10.17504/protocols.io.5jyl824x9l2w/v1,Dengue virus serotype 4 NS2B-NS3 protease fusion construct: 100 mL cultures,2024-10-29 17:45:36,dx.doi.org/10.17504/protocols.io.5jyl824x9l2w/v2,Dengue virus serotype 4 NS2B-NS3 protease fusion construct: 100 mL cultures,2025-06-04 14:45:11,,,,,,,"This protocol details the small scale (100 mL) expression and purification of Dengue virus serotype 4 (DENV-4) NS2B-NS3 protease fusion constructs using the  parallel rapid expression and purification (PREPX) method. Recombinant proteins are expressed in Escherichia coli using the autoinduction method and then purified in parallel using a IMAC, desalt, tag cleavage, reverse IMAC and gel filtration work flow.  This protocol is adapted from the original PREPX protocol, which is suitable for expressing and purifying multiple constructs in parallel. The protocol can also be adapted for single construct.  ",,,,,,,,,,,
110118,2024-10-14 04:51:21,Assay for screening of compounds that inhibit enzymatic activity of ZIKV NS2B-NS3 protease,dx.doi.org/10.17504/protocols.io.36wgqn273gk5/v1,E98AD5178BF911EFB8100A58A9FEAC02,2025-08-04 07:38:30,https://www.protocols.io/view/assay-for-screening-of-compounds-that-inhibit-enzy-dpse5nbe,True,assay-for-screening-of-compounds-that-inhibit-enzy-dpse5nbe,"[{'funder_name': 'National Institutes of Health/National Institute Of Allergy and Infectious Diseases (NIH/NIAID)', 'grant_id': 'U19AI171399'}]",National Institutes of Health/National Institute Of Allergy and Infectious Diseases (NIH/NIAID),U19AI171399,Nick Lynch,Curlew Research,Oleksandr Zhadovets,Enamine Ltd; ASAP Discovery Consortium,Maksym Pavliuk,Enamine Ltd; ASAP Discovery Consortium,,,dx.doi.org/10.17504/protocols.io.36wgqn273gk5/v1,Assay for screening of compounds that inhibit enzymatic activity of ZIKV NS2B-NS3 protease,2025-08-04 07:38:30,,,,,,,,,,"This protocol describes the enzymatic assay used to identify compounds that inhibit enzymatic activity of the dengue virus protease (ZIKV NS2B-NS3 protease). Enzymatic assay is based on the conversion of substrate into product, which is used for quantification of enzyme activity. In case of using fluorogenic substrates, cleavage by the enzyme releases a fluorescent fragment, enabling the direct quantification of enzyme activity via fluorescence detection.",,,,,,,,,,,
110283,2024-10-18 08:56:18,Zika virus NS2B-NS3 protease binding assay for  compound screen using grating-coupled interferometry,dx.doi.org/10.17504/protocols.io.n92ld8o79v5b/v1,91178519C61E4A3191794D5D5A3E0A89,2025-02-24 16:10:33,https://www.protocols.io/view/zika-virus-ns2b-ns3-protease-binding-assay-for-com-dpxj5pkn,True,zika-virus-ns2b-ns3-protease-binding-assay-for-com-dpxj5pkn,"[{'funder_name': 'National Institutes of Health/National Institute Of Allergy and Infectious Diseases (NIH/NIAID)', 'grant_id': 'Grant ID: U19AI171399'}]",National Institutes of Health/National Institute Of Allergy and Infectious Diseases (NIH/NIAID),Grant ID: U19AI171399,Eda Capkin,--,Eda Capkin,Diamond Light Source; Research complex at Harwell; ASAP Discovery Consortium,SiYi Wang,"Centre of Medicines Discovery, University of Oxford; ASAP Discovery Consortium",Xiaomin Ni,"Centre of Medicines Discovery, University of Oxford; ASAP Discovery Consortium",dx.doi.org/10.17504/protocols.io.n92ld8o79v5b/v1,Zika virus NS2B-NS3 protease binding assay for  compound screen using grating-coupled interferometry,2025-02-24 16:10:33,,,,,,,,,,"This protocol aims to measure kinetic parameters (ka, kd, and KD) for compounds against Zika virus NS2B-NS3 protease using the Creoptix Wave system. Grating coupled interferometry (GCI) is a label-free technique to measure kinetics and affinity for different targets (proteins, small molecules, fragments, etc.) with enhanced sensitivity. The stable attachment of His-tagged NS2B-NS3 protease to the chip surface was achieved through His capture and amine coupling strategy. This immobilization technique provides oriented and active protein immobilization for binding assays and can be applied to different protein targets. Binding analysis was performed with the Repeated Analyte Pulses of Increasing Duration (RAPID) method, which involves the injection of samples at a single concentration with varied association times. Kinetic parameters were obtained from Creoptix Wave software (v 4.5.18). ",,,,Lizbé Koekemoer,"Centre of Medicines Discovery, University of Oxford; ASAP Discovery Consortium",Warren Thompson,Diamond Light Source; Research complex at Harwell; ASAP Discovery Consortium,Frank von Delft,"Centre of Medicines Discovery, University of Oxford; Diamond Light Source; Research complex at Harwell; ASAP Discovery Consortium; University of Johannesburg",Mary-Ann Xavier,Diamond Light Source;ASAP Discovery Consortium
110294,2024-10-18 13:18:44,Crystallisation of West Nile virus NS2B-NS3 protease in P64 (PDB ID: 8CO8),dx.doi.org/10.17504/protocols.io.x54v9293zl3e/v1,8071FA408D5311EF93B40A58A9FEAC02,2024-10-31 10:50:35,https://www.protocols.io/view/crystallisation-of-west-nile-virus-ns2b-ns3-protea-dpxw5ppe,True,crystallisation-of-west-nile-virus-ns2b-ns3-protea-dpxw5ppe,"[{'funder_name': 'National Institutes of Health/National Institute Of Allergy and Infectious Diseases (NIH/NIAID)', 'grant_id': 'Grant ID: U19AI171399'}]",National Institutes of Health/National Institute Of Allergy and Infectious Diseases (NIH/NIAID),Grant ID: U19AI171399,Peter Marples,Diamond Light Source,Blake Balcomb,Diamond Light Source; Research Complex at Harwell,Peter Marples,Diamond Light Source; Research Complex at Harwell,Lizbé Koekemoer,"Centre of Medicines Discovery, University of Oxford",dx.doi.org/10.17504/protocols.io.x54v9293zl3e/v1,Crystallisation of West Nile virus NS2B-NS3 protease in P64 (PDB ID: 8CO8),2024-10-31 10:50:35,dx.doi.org/10.17504/protocols.io.x54v9293zl3e/v2,Crystallisation of West Nile virus NS2B-NS3 protease in P64 (PDB ID: 8CO8),2025-06-05 09:03:26,,,,,,,West Nile virus NS2B-NS3 protease was crystallized using vapor diffusion in Morpheus screen conditions at pH 8.5. Hexagonal rod-shaped crystals grew to ~50 μm in length after 14 days at 20°C. The crystals belonged to space group P64 and diffracted to 1.91 Å resolution at Diamond Light Source beamline I04. The structure has been deposited as PDB ID 8CO8.,,,,Daren Fearon,Diamond Light Source; Research Complex at Harwell,Michael Fairhead,"Centre of Medicines Discovery, University of Oxford",,,,
110331,2024-10-18 18:18:34,[Proof Reading] Dengue virus serotype 1 NS2B-NS3 protease fusion construct small scale expression and purification protocol,dx.doi.org/10.17504/protocols.io.q26g71qw8gwz/v1,634A0F418D7D11EF98140A58A9FEAC02,2024-10-29 16:46:44,https://www.protocols.io/view/proof-reading-dengue-virus-serotype-1-ns2b-ns3-pr-dpy35pyn,True,proof-reading-dengue-virus-serotype-1-ns2b-ns3-pr-dpy35pyn,"[{'funder_name': 'National Institutes of Health/National Institute Of Allergy and Infectious Diseases (NIH/NIAID)', 'grant_id': 'U19AI171432'}]",National Institutes of Health/National Institute Of Allergy and Infectious Diseases (NIH/NIAID),U19AI171432,SiYi Wang,CMD,SiYi Wang,"Centre for Medicines Discovery, University of Oxford",Michael Fairhead,"Centre for Medicines Discovery, University of Oxford",Eleanor Williams,"Centre for Medicines Discovery, University of Oxford",dx.doi.org/10.17504/protocols.io.q26g71qw8gwz/v1,[Proof Reading] Dengue virus serotype 1 NS2B-NS3 protease fusion construct small scale expression and purification protocol,2024-10-29 16:46:44,dx.doi.org/10.17504/protocols.io.q26g71qw8gwz/v2,Dengue virus serotype 1 NS2B-NS3 protease fusion construct small scale expression and purification protocol,2024-10-29 17:32:26,dx.doi.org/10.17504/protocols.io.q26g71qw8gwz/v3,Dengue virus serotype 1 NS2B-NS3 protease fusion construct small scale expression and purification protocol,2025-06-04 13:21:37,,,,"This protocol details the co-expression and purification of Dengue virus serotype 1 NS2B-NS3 protease fusion construct bearing a N-terminal His-StrepII tag at small scale (<6L).
",,,,,,,,,,,
110341,2024-10-18 20:07:18,Zika NS2B-NS3 protease co-expression construct small scale expression and purification protocol,dx.doi.org/10.17504/protocols.io.3byl49mrrgo5/v1,93CACDEA8D8C11EF98140A58A9FEAC02,2024-10-29 11:54:42,https://www.protocols.io/view/zika-ns2b-ns3-protease-co-expression-construct-sma-dpzd5p26,True,zika-ns2b-ns3-protease-co-expression-construct-sma-dpzd5p26,"[{'funder_name': 'National Institutes of Health/National Institute Of Allergy and Infectious Diseases (NIH/NIAID)', 'grant_id': 'U19AI171432'}]",National Institutes of Health/National Institute Of Allergy and Infectious Diseases (NIH/NIAID),U19AI171432,SiYi Wang,CMD,SiYi Wang,"Centre for Medicines Discovery, University of Oxford",Michael Fairhead,"Centre for Medicines Discovery, University of Oxford",Eleanor Williams,"Centre for Medicines Discovery, University of Oxford",dx.doi.org/10.17504/protocols.io.3byl49mrrgo5/v1,Zika NS2B-NS3 protease co-expression construct small scale expression and purification protocol,2024-10-29 11:54:42,dx.doi.org/10.17504/protocols.io.3byl49mrrgo5/v2,Zika NS2B-NS3 protease co-expression construct small scale expression and purification protocol,2025-06-20 12:34:27,,,,,,,"This protocol details the co-expression and purification of Zika NS2B-NS3 protease coexpression construct bearing a N-terminal His-GST tag at small scale (<6L).
",,,,,,,,,,,
110435,2024-10-21 16:11:22,Zika Virus NS2B-NS3 protease fusion protein his10-tagged protein expression and purification: large scale 1 L cultures,dx.doi.org/10.17504/protocols.io.n92ld8o17v5b/v1,1D691BA28FC711EFB7F50A58A9FEAC02,2024-10-23 12:47:56,https://www.protocols.io/view/zika-virus-ns2b-ns3-protease-fusion-protein-his10-dp4b5qsn,True,zika-virus-ns2b-ns3-protease-fusion-protein-his10-dp4b5qsn,"[{'funder_name': 'National Institutes of Health/National Institute Of Allergy and Infectious Diseases (NIH/NIAID)', 'grant_id': 'U19AI171399'}]",National Institutes of Health/National Institute Of Allergy and Infectious Diseases (NIH/NIAID),U19AI171399,Michael Fairhead,University of Oxford,Michael Fairhead,university of oxford,,,,,dx.doi.org/10.17504/protocols.io.n92ld8o17v5b/v1,Zika Virus NS2B-NS3 protease fusion protein his10-tagged protein expression and purification: large scale 1 L cultures,2024-10-23 12:47:56,,,,,,,,,,"This protocol details the expression and purification of Zika Virus NS2B-NS3 protease fusion protein with a his10-tag for biophysical assay at a 1 L culture scale. Recombinant proteins are expressed in Escherichia coli using the autoinduction method and then purified in using a IMAC, desalt, tag cleavage, reverse IMAC and gel filtration work flow.


",,,,,,,,,,,
110525,2024-10-22 12:24:25, Kinetic assay with waveRAPID grating-coupled interferometry waveCreoptix system,dx.doi.org/10.17504/protocols.io.j8nlk87xwl5r/v1,3BA89D4F83F04E57A975C93F36774A49,2025-02-24 16:08:02,https://www.protocols.io/view/kinetic-assay-with-waverapid-grating-coupled-inte-dp655rg6,True,kinetic-assay-with-waverapid-grating-coupled-inte-dp655rg6,"[{'funder_name': 'National Institutes of Health/National Institute Of Allergy and Infectious Diseases (NIH/NIAID)', 'grant_id': 'Grant ID: U19AI171399'}]",National Institutes of Health/National Institute Of Allergy and Infectious Diseases (NIH/NIAID),Grant ID: U19AI171399,Eda Capkin,--,Eda Capkin,Diamond Light Source; Research Complex at Harwell; ASAP Discovery Consortium,,,,,dx.doi.org/10.17504/protocols.io.j8nlk87xwl5r/v1, Kinetic assay with waveRAPID grating-coupled interferometry waveCreoptix system,2025-02-24 16:08:02,,,,,,,,,,"This protocol outlines the setup of kinetic binding assays using the Creoptix waveRAPID grating-coupled interferometry system. The method covers automated sample handling in 96- or 384-well formats, including DMSO corrections, control samples, and buffer blanks, enabling high-throughput molecular interaction measurements.",,,,,,,,,,,
110527,2024-10-22 12:46:16,SARS-CoV-2 nsp3 macrodomain His-tagged expression and purification protocol for assay,dx.doi.org/10.17504/protocols.io.4r3l2qb9jl1y/v2,A0AF1D70907311EF9F100A58A9FEAC02,2024-10-22 12:51:42,https://www.protocols.io/view/sars-cov-2-nsp3-macrodomain-his-tagged-expression-dp675rhn,True,sars-cov-2-nsp3-macrodomain-his-tagged-expression-dp675rhn,"[{'funder_name': 'National Institutes of Health/National Institute Of Allergy and Infectious Diseases (NIH/NIAID)', 'grant_id': 'U19AI171399'}]",National Institutes of Health/National Institute Of Allergy and Infectious Diseases (NIH/NIAID),U19AI171399,SiYi Wang,CMD,SiYi Wang,"Centre for Medicines Discovery, University of Oxford",Michael Fairhead,"Centre for Medicines Discovery, University of Oxford",Eleanor Williams,"Centre for Medicines Discovery, University of Oxford",dx.doi.org/10.17504/protocols.io.4r3l2qb9jl1y/v1,SARS-CoV-2 nsp3 macrodomain His-tagged expression and purification protocol for assay,2024-08-09 14:23:22,dx.doi.org/10.17504/protocols.io.4r3l2qb9jl1y/v2,SARS-CoV-2 nsp3 macrodomain His-tagged expression and purification protocol for assay,2024-10-22 12:51:42,dx.doi.org/10.17504/protocols.io.4r3l2qb9jl1y/v3,SARS-CoV-2 nsp3 macrodomain His-tagged expression and purification protocol for assay  ,2025-06-17 13:11:52,,,,"This protocol details the expression and purification of SARS-CoV-2 nsp3 macrodomain assay construct bearing a N-terminal His tag at small scale (<6L).
",,,,,,,,,,,
110528,2024-10-22 12:54:47,Data Analysis waveRAPID using Creoptix WAVEsystem,dx.doi.org/10.17504/protocols.io.5jyl823ydl2w/v1,89DB056B78C1400E80A409B3E2DE288E,2025-02-21 15:25:08,https://www.protocols.io/view/data-analysis-waverapid-using-creoptix-wavesystem-dp685rhw,True,data-analysis-waverapid-using-creoptix-wavesystem-dp685rhw,"[{'funder_name': 'National Institutes of Health/National Institute Of Allergy and Infectious Diseases (NIH/NIAID)', 'grant_id': 'Grant ID: U19AI171399'}]",National Institutes of Health/National Institute Of Allergy and Infectious Diseases (NIH/NIAID),Grant ID: U19AI171399,Eda Capkin,--,Eda Capkin,Diamond Light Source; Research Complex at Harwell; ASAP Discovery Consortium,,,,,dx.doi.org/10.17504/protocols.io.5jyl823ydl2w/v1,Data Analysis waveRAPID using Creoptix WAVEsystem,2025-02-21 15:25:08,,,,,,,,,,"This protocol outlines the data analysis workflow for the Creoptix WAVEsystem using Repeated Analyte Pulses of Increasing Duration (RAPID) method. It covers essential steps including blank and DMSO corrections, and kinetic analysis using a 1:1 binding model. The procedure ensures accurate evaluation of biomolecular interactions through systematic assessment of sensorgram data and verification of kinetic parameters.",,,,,,,,,,,
110606,2024-10-23 09:03:08,West Nile Virus NS2B-NS3 protease fusion protein expression and purification: large scale 1 L cultures,dx.doi.org/10.17504/protocols.io.261gerppjl47/v1,9F3FA954911D11EFA3DC0A58A9FEAC02,2024-10-23 12:54:25,https://www.protocols.io/view/west-nile-virus-ns2b-ns3-protease-fusion-protein-e-dp9n5r5e,True,west-nile-virus-ns2b-ns3-protease-fusion-protein-e-dp9n5r5e,"[{'funder_name': 'National Institutes of Health/National Institute Of Allergy and Infectious Diseases (NIH/NIAID)', 'grant_id': 'U19AI171432'}]",National Institutes of Health/National Institute Of Allergy and Infectious Diseases (NIH/NIAID),U19AI171432,Michael Fairhead,University of Oxford,Michael Fairhead,university of oxford,,,,,dx.doi.org/10.17504/protocols.io.261gerppjl47/v1,West Nile Virus NS2B-NS3 protease fusion protein expression and purification: large scale 1 L cultures,2024-10-23 12:54:25,dx.doi.org/10.17504/protocols.io.261gerppjl47/v2,West Nile Virus NS2B-NS3 inactive fusion protease expression and purification: large scale 1 L cultures,2025-06-05 08:57:07,,,,,,,"This method describes a protocol for the 1 L scale expression and purification of West Nile Virus NS2B-NS3 protease fusion protein in E. coli using autoinduction growth media. After enzyme detergent based cell lysis the fusion protein is purified using his tag chromatography, TEV protease tag cleavage, a reverse chromatography step and finally gel filtration. Final yield is 47 mg of West Nile Virus NS2B-NS3 protease fusion protein per litre of culture grown


",,,,,,,,,,,
111175,2024-10-29 15:24:21,West Nile virus NS2B-NS3 protease fusion construct small scale expression and purification protocol,dx.doi.org/10.17504/protocols.io.261ge5rrwg47/v2,DEF6277F960911EF8ADB0A58A9FEAC02,2024-10-29 15:24:50,https://www.protocols.io/view/west-nile-virus-ns2b-ns3-protease-fusion-construct-dqtf5wjn,True,west-nile-virus-ns2b-ns3-protease-fusion-construct-dqtf5wjn,"[{'funder_name': 'National Institutes of Health/National Institute Of Allergy and Infectious Diseases (NIH/NIAID)', 'grant_id': 'U19AI171432'}]",National Institutes of Health/National Institute Of Allergy and Infectious Diseases (NIH/NIAID),U19AI171432,SiYi Wang,CMD,SiYi Wang,"Centre for Medicines Discovery, University of Oxford",Michael Fairhead,"Centre for Medicines Discovery, University of Oxford",Eleanor Williams,"Centre for Medicines Discovery, University of Oxford",dx.doi.org/10.17504/protocols.io.261ge5rrwg47/v1,[Proof Reading] West Nile virus NS2B-NS3 protease fusion construct small scale expression and purification protocol,2024-10-29 14:34:17,dx.doi.org/10.17504/protocols.io.261ge5rrwg47/v2,West Nile virus NS2B-NS3 protease fusion construct small scale expression and purification protocol,2024-10-29 15:24:50,dx.doi.org/10.17504/protocols.io.261ge5rrwg47/v3,West Nile virus NS2B-NS3 protease fusion construct small scale expression and purification protocol,2025-06-04 14:08:11,,,,"This protocol details the co-expression and purification of West Nile virus NS2B-NS3 protease fusion construct bearing a N-terminal His-StrepII tag at small scale (<6L). This protocol produces enzymatically active product that is suitable for biochemical assays.
The construct used was QQ01WNVNS2B-c003.",,,,,,,,,,,
111190,2024-10-29 16:48:03,Dengue virus serotype 1 NS2B-NS3 protease fusion construct small scale expression and purification protocol,dx.doi.org/10.17504/protocols.io.q26g71qw8gwz/v2,9039B31A961511EFB6AF0A58A9FEAC02,2024-10-29 17:32:26,https://www.protocols.io/view/dengue-virus-serotype-1-ns2b-ns3-protease-fusion-c-dqtw5wpe,True,dengue-virus-serotype-1-ns2b-ns3-protease-fusion-c-dqtw5wpe,"[{'funder_name': 'National Institutes of Health/National Institute Of Allergy and Infectious Diseases (NIH/NIAID)', 'grant_id': 'U19AI171432'}]",National Institutes of Health/National Institute Of Allergy and Infectious Diseases (NIH/NIAID),U19AI171432,SiYi Wang,CMD,SiYi Wang,"Centre for Medicines Discovery, University of Oxford",Michael Fairhead,"Centre for Medicines Discovery, University of Oxford",Eleanor Williams,"Centre for Medicines Discovery, University of Oxford",dx.doi.org/10.17504/protocols.io.q26g71qw8gwz/v1,[Proof Reading] Dengue virus serotype 1 NS2B-NS3 protease fusion construct small scale expression and purification protocol,2024-10-29 16:46:44,dx.doi.org/10.17504/protocols.io.q26g71qw8gwz/v2,Dengue virus serotype 1 NS2B-NS3 protease fusion construct small scale expression and purification protocol,2024-10-29 17:32:26,dx.doi.org/10.17504/protocols.io.q26g71qw8gwz/v3,Dengue virus serotype 1 NS2B-NS3 protease fusion construct small scale expression and purification protocol,2025-06-04 13:21:37,,,,"This protocol details the co-expression and purification of Dengue virus serotype 1 NS2B-NS3 protease fusion construct bearing a N-terminal His-StrepII tag at small scale (<6L).
",,,,,,,,,,,
111192,2024-10-29 17:37:16, Dengue virus serotype 3 NS2B-NS3 protease fusion construct using parallel rapid protein expression and purification: 100 mL cultures,dx.doi.org/10.17504/protocols.io.bp2l62jzkgqe/v2,70DBF21C961C11EFA4460A58A9FEAC02,2024-10-29 17:37:49,https://www.protocols.io/view/dengue-virus-serotype-3-ns2b-ns3-protease-fusion-dqty5wpw,True,dengue-virus-serotype-3-ns2b-ns3-protease-fusion-dqty5wpw,"[{'funder_name': 'National Institutes of Health/National Institute Of Allergy and Infectious Diseases (NIH/NIAID)', 'grant_id': 'U19AI171432'}]",National Institutes of Health/National Institute Of Allergy and Infectious Diseases (NIH/NIAID),U19AI171432,SiYi Wang,CMD,Michael Fairhead,university of oxford,SiYi Wang,CMD,,,dx.doi.org/10.17504/protocols.io.bp2l62jzkgqe/v1,[Proof Reading] Dengue virus serotype 3 NS2B-NS3 protease fusion construct using parallel rapid protein expression and purification: 100 mL cultures,2024-10-29 17:36:51,dx.doi.org/10.17504/protocols.io.bp2l62jzkgqe/v2, Dengue virus serotype 3 NS2B-NS3 protease fusion construct using parallel rapid protein expression and purification: 100 mL cultures,2024-10-29 17:37:49,dx.doi.org/10.17504/protocols.io.bp2l62jzkgqe/v3, Dengue virus serotype 3 NS2B-NS3 protease fusion construct using parallel rapid protein expression and purification: 100 mL cultures,2025-06-04 14:27:48,,,,"This protocol details the small scale (100mL) expression and purification of Dengue virus serotype 3 NS2B-NS3 protease fusion constructs using the parallel rapid protein expression and purification (PREPX) method. Recombinant proteins are expressed in Escherichia coli using the autoinduction method and then purified in parallel using a IMAC, desalt, tag cleavage, reverse IMAC and gel filtration work flow.  This protocol is adapted from the original PREPX protocol, which is suitable for expressing and purifying multiple constructs in parallel. The protocol can also be adapted for single construct.  ",,,,,,,,,,,
111352,2024-10-31 17:38:56,Crystallization of Zika virus NS2B-NS3 protease (closed conformation in space group P4322 | PDB ID: 8PN6),dx.doi.org/10.17504/protocols.io.eq2lyj51mlx9/v2,01599A0F97AF11EF8A540A58A9FEAC02,2025-04-17 14:57:37,https://www.protocols.io/view/crystallization-of-zika-virus-ns2b-ns3-protease-cl-dqyy5xxw,True,crystallization-of-zika-virus-ns2b-ns3-protease-cl-dqyy5xxw,"[{'funder_name': 'National Institutes of Health/National Institute Of Allergy and Infectious Diseases (NIH/NIAID)', 'grant_id': 'Grant ID: U19AI171399'}]",National Institutes of Health/National Institute Of Allergy and Infectious Diseases (NIH/NIAID),Grant ID: U19AI171399,Xiaomin Ni,University of Oxford,Xiaomin Ni,"Centre of Medicines Discovery, University of Oxford, ASAP Discovery Consortium",Peter Marples,"Diamond Light Source; Research Complex at Harwell, ASAP Discovery Consortium",Daren Fearon,"Diamond Light Source; Research Complex at Harwell, ASAP Discovery Consortium",dx.doi.org/10.17504/protocols.io.eq2lyj51mlx9/v1,Crystallization of Zika virus NS2B-NS3 protease,2024-04-26 10:38:14,dx.doi.org/10.17504/protocols.io.eq2lyj51mlx9/v2,Crystallization of Zika virus NS2B-NS3 protease (closed conformation in space group P4322 | PDB ID: 8PN6),2025-04-17 14:57:37,,,,,,,Zika virus (ZIKV)  NS3 protease with its NS2B cofactor is essential for the cleavage of Zika polyprotein precursor into individual structural and non-structural proteins and is therefore an attractive drug target. We optimized a robust crystal system of co-expressed NS3 protease with its NS2B cofactor. The crystals appeared within 24 hours and diffracted to 1.7Å in average. The NS2B-NS3 structure is in closed conformation and has been deposited to PDB (PDB code: 8PN6). In this version we added the addgene id and the protein production protocol.,,,,Lizbé Koekemoer,"Centre of Medicines Discovery, University of Oxford, ASAP Discovery Consortium ",,,,,,
111386,2024-11-01 04:11:57,DENV NS2B-NS3 fluorescence single point screening assay,dx.doi.org/10.17504/protocols.io.e6nvwb6e9vmk/v1,6F438237980711EF8A540A58A9FEAC02,2025-08-04 08:17:59,https://www.protocols.io/view/denv-ns2b-ns3-fluorescence-single-point-screening-dqz25x8e,True,denv-ns2b-ns3-fluorescence-single-point-screening-dqz25x8e,"[{'funder_name': 'National Institutes of Health/National Institute Of Allergy and Infectious Diseases (NIH/NIAID)', 'grant_id': 'U19AI171399'}]",National Institutes of Health/National Institute Of Allergy and Infectious Diseases (NIH/NIAID),U19AI171399,Jiyun Zhu,Stanford University,Haim Barr,The Weizmann Institute of Science; ASAP Discovery Consortium,Noa Lahav,The Weizmann Institute of Science; ASAP Discovery Consortium,Jiyun Zhu,Stanford University; ASAP Discovery Consortium,dx.doi.org/10.17504/protocols.io.e6nvwb6e9vmk/v1,DENV NS2B-NS3 fluorescence single point screening assay,2025-08-04 08:17:59,,,,,,,,,,"Purpose: performing single point test of selected compounds from screening libraries containing serine-targeting fragments and serine protease inhibitors against DENV NS2B-NS3 to find warheads and candidates for medicinal optimization General description: This protocol details the fluorescent assays for ZIKV NS2B-NS3 cleavage of substrate Bz-Nle-KRR-AMC peptide. This method measures the fluorescence from the released AMC product as a result of the enzymatic reaction. When hydrolyzed, AMC is liberated from the peptide substrate. Excitation of AMC at 350 nm emits a resonant energy of 450 nm. When the enzyme is inhibited, the fluorescence signal will decrease as a result of lower enzyme activity. The screening method is validated by calculating the Z prime number of each plate, and the percentage of inhibition is calculated and then evaluated for inhibitory efficacy. Outcome: hits were selected from screening assays with more than 50% inhibition   ",,,,,,,,,,,
111443,2024-11-03 01:38:33,ZIKV NS2B-NS3 fluorescence single point screening assay,dx.doi.org/10.17504/protocols.io.4r3l29533v1y/v1,5620DFBC998411EFAE140A58A9FEAC02,2025-08-21 10:09:26,https://www.protocols.io/view/zikv-ns2b-ns3-fluorescence-single-point-screening-dq3t5ynn,True,zikv-ns2b-ns3-fluorescence-single-point-screening-dq3t5ynn,"[{'funder_name': 'National Institutes of Health/National Institute Of Allergy and Infectious Diseases (NIH/NIAID)', 'grant_id': 'U19AI171399'}]",National Institutes of Health/National Institute Of Allergy and Infectious Diseases (NIH/NIAID),U19AI171399,Jiyun Zhu,Stanford University,Haim Barr,The Weizmann Institute of Science; ASAP Discovery Consortium,Noa Lahav,The Weizmann Institute of Science; ASAP Discovery Consortium,Jiyun Zhu,Stanford University; ASAP Discovery Consortium,dx.doi.org/10.17504/protocols.io.4r3l29533v1y/v1,ZIKV NS2B-NS3 fluorescence single point screening assay,2025-08-21 10:09:26,,,,,,,,,,"Purpose: performing single point test of selected compounds from screening libraries containing serine-targeting fragments and serine protease inhibitors against ZIKV NS2B-NS3 to find warheads and candidates for medicinal optimization General description: This protocol details the fluorescent assays for ZIKV NS2B-NS3 cleavage of substrate Bz-Nle-KRR-AMC peptide. This method measures the fluorescence from the released AMC product as a result of the enzymatic reaction. When hydrolyzed, AMC is liberated from the peptide substrate. Excitation of AMC at 350 nm emits a resonant energy of 450 nm. When the enzyme is inhibited, the fluorescence signal will decrease as a result of lower enzyme activity. The screening method is validated by calculating the Z prime number of each plate, and the percentage of inhibition is calculated and then evaluated for inhibitory efficacy. Outcome:  hits were selected from screening assays with more than 50% inhibition   ",,,,,,,,,,,
111445,2024-11-03 01:47:23,WNV NS2B-NS3 fluorescence single point,dx.doi.org/10.17504/protocols.io.ewov1dy37vr2/v1,926B1C6F998511EFAE140A58A9FEAC02,2025-08-04 08:44:57,https://www.protocols.io/view/wnv-ns2b-ns3-fluorescence-single-point-dq3v5yn6,True,wnv-ns2b-ns3-fluorescence-single-point-dq3v5yn6,"[{'funder_name': 'National Institutes of Health/National Institute Of Allergy and Infectious Diseases (NIH/NIAID)', 'grant_id': 'U19AI171399'}]",National Institutes of Health/National Institute Of Allergy and Infectious Diseases (NIH/NIAID),U19AI171399,Jiyun Zhu,Stanford University,Haim Barr,The Weizmann Institute of Science; ASAP Discovery Consortium,Noa Lahav,The Weizmann Institute of Science; ASAP Discovery Consortium,Jiyun Zhu,Stanford University; ASAP Discovery Consortium,dx.doi.org/10.17504/protocols.io.ewov1dy37vr2/v1,WNV NS2B-NS3 fluorescence single point,2025-08-04 08:44:57,,,,,,,,,,"Purpose: performing single point test of selected compounds from screening experiment libraries containing serine-targeting fragments and serine protease inhibitors against WNV NS2B/NS3 to find warheads and candidates for medicinal optimization General description: This protocol details the fluorescent assays for WNV NS2B/NS3 cleavage of substrate Bz-Nle-KRR-AMC peptide. This method measures the fluorescence from the released AMC product as a result of the enzymatic reaction. When hydrolyzed, AMC is liberated from the peptide substrate. Excitation of AMC at 350 nm emits a resonant energy of 450 nm. When the enzyme is inhibited, the fluorescence signal will decrease as a result of lower enzyme activity. The screening method is validated by calculating the Z prime number of each plate, and the percentage of inhibition is calculated and then evaluated for inhibitory efficacy. Outcome: hits were selected from screening assays with more than 50% inhibition   ",,,,,,,,,,,
111446,2024-11-03 02:16:25,ZIKV NS2B-NS3 protease dose response screening assay,dx.doi.org/10.17504/protocols.io.x54v9r83zv3e/v1,A0CEC47B998911EF87720A58A9FEAC02,2025-08-04 08:45:51,https://www.protocols.io/view/zikv-ns2b-ns3-protease-dose-response-screening-ass-dq3w5ype,True,zikv-ns2b-ns3-protease-dose-response-screening-ass-dq3w5ype,"[{'funder_name': 'National Institutes of Health/National Institute Of Allergy and Infectious Diseases (NIH/NIAID)', 'grant_id': 'U19AI171399'}]",National Institutes of Health/National Institute Of Allergy and Infectious Diseases (NIH/NIAID),U19AI171399,Jiyun Zhu,Stanford University,Haim Barr,The Weizmann Institute of Science; ASAP Discovery Consortium,Noa Lahav,The Weizmann Institute of Science; ASAP Discovery Consortium,Jiyun Zhu,Stanford University; ASAP Discovery Consortium,dx.doi.org/10.17504/protocols.io.x54v9r83zv3e/v1,ZIKV NS2B-NS3 protease dose response screening assay,2025-08-04 08:45:51,,,,,,,,,,"Purpose: performing dose-response test of selected compounds from screening experiments against ZIKV NS2B-NS3 to confirm efficacy General description: This protocol details the fluorescent assays for ZIKV NS2B-NS3 cleavage of substrate Bz-Nle-KRR-AMC peptide. This method measures the fluorescence from the released AMC product as a result of the enzymatic reaction. When hydrolyzed, AMC is liberated from the peptide substrate. Excitation of AMC at 350 nm emits a resonant energy of 450 nm. When the enzyme is inhibited, the fluorescence signal will decrease as a result of lower enzyme activity. The screening method is validated by calculating the Z prime number of each plate, and the percentage of inhibition is calculated and then evaluated for inhibitory efficacy. Outcome: hits were selected from screening assays with more than 50% inhibition and some hits demonstrated dose-response ",,,,,,,,,,,
111973,2024-11-12 15:08:49,Crystallisation of Enterovirus D68 3C protease in space group P21 used for follow up compounds,dx.doi.org/10.17504/protocols.io.5qpvoky29l4o/v2,055EFCB4A10811EF97A80A58A9FEAC02,2025-04-25 10:44:36,https://www.protocols.io/view/crystallisation-of-enterovirus-d68-3c-protease-in-drkd54s6,True,crystallisation-of-enterovirus-d68-3c-protease-in-drkd54s6,"[{'funder_name': 'National Institutes of Health/National Institute Of Allergy and Infectious Diseases (NIH/NIAID)', 'grant_id': 'Grant ID: U19AI171399'}]",National Institutes of Health/National Institute Of Allergy and Infectious Diseases (NIH/NIAID),Grant ID: U19AI171399,Lizbé Koekemoer,University of Oxford,Ryan Lithgo,Diamond Light Source; ASAP Discovery Consortium,Peter Marples,Diamond Light Source; Research Complex at Harwell; ASAP Discovery Consortium,Lizbé Koekemoer,"Centre of Medicines Discovery, University of Oxford; ASAP Discovery Consortium",dx.doi.org/10.17504/protocols.io.5qpvoky29l4o/v1,Crystallization of Enterovirus D68 3C protease,2024-04-26 10:42:31,dx.doi.org/10.17504/protocols.io.5qpvoky29l4o/v2,Crystallisation of Enterovirus D68 3C protease in space group P21 used for follow up compounds,2025-04-25 10:44:36,,,,,,,"The development of effective broad-spectrum antivirals forms an important part of preparing for future pandemics. A current cause for concern is the emerging pathogen Enterovirus D68 (EV-D68), which primarily spreads through respiratory routes. While it mostly causes mild to severe respiratory illness, in severe cases it can lead to acute flaccid myelitis. The 3C protease of EV-D68 is a potential target for antiviral drug development due to its essential role in the viral life cycle and high sequence conservation. This protocol was used to grow EV-D68 3C crystals that were subjected to high-throughput fragment screening crystallography (PDB group deposition G_10002271). In this new version, we have added the protocols for protein expression and purification, soaking conditions, and fragment screening information, as well as the affiliation with the ASAP Discovery Consortium.",,,,Daren Fearon,Diamond Light Source; Research Complex at Harwell; ASAP Discovery Consortium,,,,,,
112784,2024-11-18 09:26:02,Assay for Screening of Compounds that Inhibit Enzymatic Activity of EV-A71 2Apro,dx.doi.org/10.17504/protocols.io.yxmvm9k49l3p/v1,7CA781E0ABD811EF82AF0A58A9FEAC02,2025-08-10 10:44:24,https://www.protocols.io/view/assay-for-screening-of-compounds-that-inhibit-enzy-dsdq6a5w,True,assay-for-screening-of-compounds-that-inhibit-enzy-dsdq6a5w,"[{'funder_name': 'National Institutes of Health/National Institute Of Allergy and Infectious Diseases (NIH/NIAID)', 'grant_id': 'U19AI171399'}]",National Institutes of Health/National Institute Of Allergy and Infectious Diseases (NIH/NIAID),U19AI171399,Nick Lynch,Curlew Research,Diana Alieksieieva,Enamine Ltd.,Oleksandr Zhadovets,Enamine Ltd.,Oleksii Stroganov,Enamine Ltd.,dx.doi.org/10.17504/protocols.io.yxmvm9k49l3p/v1,Assay for Screening of Compounds that Inhibit Enzymatic Activity of EV-A71 2Apro,2025-08-10 10:44:24,,,,,,,,,,"This protocol describes a biochemical assay used in screening to identify compounds that inhibit the enzymatic activity of the EV-A71 2A protease. Under standard conditions, the enzyme cleaves its substrate (DABCYL-RDKITTLGKFGQDE-EDANS), releasing the fluorogenic moiety EDANS, increasing fluorescence. Prior to cleavage, fluorescence is quenched by the DABCYL moiety. In the presence of compounds that inhibit the enzyme’s activity, the substrate remains uncleaved, resulting in a low fluorescent signal. This enables the determination of % inhibition at a given compound concentration, and allows for subsequent IC₅₀ determination when a dose-response format is applied.   This protocol was established through the transfer and adaptation of an assay originally developed at the Weizmann Institute of Science, as a part of the ASAP Discovery Consortium.",,,,,,,,,,,
113158,2024-11-29 15:25:24,Expression and purification of truncated Zika virus NS5 RNA-Dependent RNA Polymerase for structural studies,dx.doi.org/10.17504/protocols.io.6qpvr96pbvmk/v1,278079C3AE6611EF9F120A58A9FEAC02,2025-04-25 11:25:42,https://www.protocols.io/view/expression-and-purification-of-truncated-zika-viru-dsre6d3e,True,expression-and-purification-of-truncated-zika-viru-dsre6d3e,"[{'funder_name': 'National Institutes of Health/National Institute Of Allergy and Infectious Diseases (NIH/NIAID)', 'grant_id': 'Grant ID: U19AI171399'}]",National Institutes of Health/National Institute Of Allergy and Infectious Diseases (NIH/NIAID),Grant ID: U19AI171399,Mary-Ann Xavier,Diamond Light Source,Anu V. Chandran,Diamond Light Source; Research Complex at Harwell; ASAP Discovery Consortium,,,,,dx.doi.org/10.17504/protocols.io.6qpvr96pbvmk/v1,Expression and purification of truncated Zika virus NS5 RNA-Dependent RNA Polymerase for structural studies,2025-04-25 11:25:42,,,,,,,,,,"We present a detailed protocol for the expression and purification of a truncated form of Zika virus (ZIKV) NS5 RNA-dependent RNA polymerase (RdRp), comprising residues 306-903. The construct contains an N-terminal hexahistidine-SUMO tag and was expressed in E. coli Lemo21 cells. The protein was purified through nickel affinity chromatography, SUMO protease treatment, reverse affinity chromatography, and size exclusion chromatography. The final purified protein showed a single monodisperse peak by size exclusion chromatography and was successfully used for crystallization experiments.",,,,,,,,,,,
116461,2024-12-18 09:53:46,"Plasma Protein Binding Equilibrium Dialysis for Human, Rat and Mouse Plasma",dx.doi.org/10.17504/protocols.io.dm6gp9yb5vzp/v1,68618B86BE9911EF9F8F0A58A9FEAC02,2025-03-31 22:33:18,https://www.protocols.io/view/plasma-protein-binding-equilibrium-dialysis-for-hu-dvym67u6,True,plasma-protein-binding-equilibrium-dialysis-for-hu-dvym67u6,[],,,Nick Lynch,Curlew Research,Yurii Kheylik,Enamine Ltd,Nadiia Diyuk,Enamine Ltd,Yaroslav Lesyk,Enamine Ltd,dx.doi.org/10.17504/protocols.io.dm6gp9yb5vzp/v1,"Plasma Protein Binding Equilibrium Dialysis for Human, Rat and Mouse Plasma",2025-03-31 22:33:18,,,,,,,,,,"Fraction unbound (fu) is a critical parameter that needs to be measured accurately because it has significant impacts on the predictions of drug-drug interactions, estimations of therapeutic indices, and developments of PK/PD relationships. Moreover, Plasma Protein Binding (PPB) is critical when translating concentrations in in-vitro models to in-vivo doses in laboratory animals or humans. Plasma protein binding or the drug fraction unbound in plasma (fu,p) is known to be affected by protein, drug, free fatty acid concentrations, lipoprotein partitioning, temperature, pH, and the presence or absence of other.",,,,,,,,,,,
116462,2024-12-18 10:05:07,Fetal Calf Serum (FCS / FBS) Protein Binding,dx.doi.org/10.17504/protocols.io.e6nvwbzk2vmk/v1,B9CED8E9BE9911EF9F8F0A58A9FEAC02,2025-03-31 23:15:55,https://www.protocols.io/view/fetal-calf-serum-fcs-fbs-protein-binding-dvyn67ve,True,fetal-calf-serum-fcs-fbs-protein-binding-dvyn67ve,[],,,Nick Lynch,Curlew Research,Yurii Kheylik,Enamine Ltd,Yaroslav Lesyk,Enamine Ltd,Nadiia Diyuk,Enamine Ltd,dx.doi.org/10.17504/protocols.io.e6nvwbzk2vmk/v1,Fetal Calf Serum (FCS / FBS) Protein Binding,2025-03-31 23:15:55,,,,,,,,,,"In vitro pharmacological and toxicological evaluation of chemicals is performed using a wide variety of cell‐based assay systems. One of the major factors influencing the in vitro responses of chemicals is the amount of unbound chemicals present at the target site. The concentrations of the unbound chemicals primarily depend on the protein levels and their binding affinities. Fetal calf/bovine serum (FCS / FBS) Protein binding assay is used in cell culture in cell biology research and in the pharmaceutical industry to support this analysis.  Assay to Determine Protein binding in fetal calf / bovine serum (FCS / FBS) capabilities for compounds and reference compound (Verapamil) - In 2% heat-inactivated FCS (30 min, 56ºC) using HPLC-MS/MS. The task was performed by spiking test compounds at a concentration of 1 μM into 2% FCS and dialyzing against buffer until equilibrium is achieved. Peak areas of the compound in both 2% FCS and buffer were determined to calculate the percentage of protein-bound compound.",,,,,,,,,,,
118069,2025-01-10 12:00:53,Enterovirus coxsackievirus A16 2A protease small scale expression and purification protocol,dx.doi.org/10.17504/protocols.io.rm7vzj3y5lx1/v3,8B132F6CCF4A11EF936D0A58A9FEAC02,2025-04-22 13:05:52,https://www.protocols.io/view/enterovirus-coxsackievirus-a16-2a-protease-small-s-dxiv7ke6,True,enterovirus-coxsackievirus-a16-2a-protease-small-s-dxiv7ke6,"[{'funder_name': 'National Institutes of Health/National Institute Of Allergy and Infectious Diseases (NIH/NIAID)', 'grant_id': 'U19AI171399'}]",National Institutes of Health/National Institute Of Allergy and Infectious Diseases (NIH/NIAID),U19AI171399,SiYi Wang,CMD,SiYi Wang,"Centre for Medicines Discovery, University of Oxford, ASAP Discovery Consortium",Michael Fairhead,"Centre for Medicines Discovery, University of Oxford, ASAP Discovery Consortium",Eleanor Williams,"Centre for Medicines Discovery, University of Oxford, ASAP Discovery Consortium",dx.doi.org/10.17504/protocols.io.rm7vzj3y5lx1/v1,Enterovirus coxsackievirus A16 2A protease small scale expression and purification protocol,2024-04-26 14:01:43,dx.doi.org/10.17504/protocols.io.rm7vzj3y5lx1/v2,Enterovirus coxsackievirus A16 2A protease small scale expression and purification protocol,2024-06-12 13:20:08,dx.doi.org/10.17504/protocols.io.rm7vzj3y5lx1/v3,Enterovirus coxsackievirus A16 2A protease small scale expression and purification protocol,2025-04-22 13:05:52,,,,"This protocol details the expression and purification of coxsackievirus A16 2A protease construct bearing a N-terminal His-SUMO tag at small scale (<6L).
 Picornaviridae Enterovirus coxsackievirus A16 (CVA16)",,,,,,,,,,,
119264,2025-01-29 12:07:28,READDI protocol: Crystallisation of Dengue NS5 RdRp in I222,dx.doi.org/10.17504/protocols.io.5qpvo9wn9v4o/v1,9C0A6363DE3911EF99700A58A9FEAC02,2025-03-10 10:26:52,https://www.protocols.io/view/readdi-protocol-crystallisation-of-dengue-ns5-rdrp-dyp87vrw,True,readdi-protocol-crystallisation-of-dengue-ns5-rdrp-dyp87vrw,"[{'funder_name': 'National Institutes of Health/National Institute Of Allergy and Infectious Diseases (NIH/NIAID)', 'grant_id': 'U19AI171292'}]",National Institutes of Health/National Institute Of Allergy and Infectious Diseases (NIH/NIAID),U19AI171292,Peter Marples,Diamond Light Source,Jasmin Aschenbrenner,Diamond Light Source; Research Complex at Harwell; READDI-AC,Manisha Saini,Rutgers University; READDI-AC,Ashima Chopra,Rutgers University; READDI-AC,dx.doi.org/10.17504/protocols.io.5qpvo9wn9v4o/v1,READDI protocol: Crystallisation of Dengue NS5 RdRp in I222,2025-03-10 10:26:52,,,,,,,,,,The crystallisation protocol and buffer conditions used to obtain reproducible Dengue virus serotype 2 RNA-dependent RNA polymerase crystals in I222 suitable for XChem fragment screening.,,,,Peter Marples,Diamond Light Source; Research Complex at Harwell,Francesc Xavier Ruiz,Rutgers University; READDI-AC,Eddy Arnold,Rutgers University; READDI-AC,Daren Fearon,Diamond Light Source; Research Complex at Harwell; READDI-AC
119547,2025-02-04 13:14:14,Dengue 2 NS2B-NS3 protease binding assay for  compound screen using grating-coupled interferometry,dx.doi.org/10.17504/protocols.io.eq2ly6q1pgx9/v1,EE867F1EE2F911EFAB5C0A58A9FEAC02,2025-04-15 13:57:58,https://www.protocols.io/view/dengue-2-ns2b-ns3-protease-binding-assay-for-compo-dyy37xyn,True,dengue-2-ns2b-ns3-protease-binding-assay-for-compo-dyy37xyn,"[{'funder_name': 'National Institutes of Health/National Institute Of Allergy and Infectious Diseases (NIH/NIAID)', 'grant_id': 'Grant ID: U19AI171399'}]",National Institutes of Health/National Institute Of Allergy and Infectious Diseases (NIH/NIAID),Grant ID: U19AI171399,Eda Capkin,--,Eda Capkin,Diamond Light Source; Research complex at Harwell; ASAP Discovery Consortium,SiYi Wang,"Centre of Medicines Discovery, University of Oxford; ASAP Discovery Consortium",Xiaomin Ni,"Centre of Medicines Discovery, University of Oxford; ASAP Discovery Consortium",dx.doi.org/10.17504/protocols.io.eq2ly6q1pgx9/v1,Dengue 2 NS2B-NS3 protease binding assay for  compound screen using grating-coupled interferometry,2025-04-15 13:57:58,,,,,,,,,,"This protocol aims to measure kinetic parameters (ka, kd, and KD) for compounds against Dengue virus NS2B-NS3 protease using the Creoptix Wave system. Grating coupled interferometry (GCI) is a label-free technique to measure kinetics and affinity for different targets (proteins, small molecules, fragments, etc.) with enhanced sensitivity. Biotin-tagged NS2B-NS3 protease was captured on the streptavidin chip surface  . This immobilization technique provides oriented and active protein immobilization for binding assays and can be applied to different protein targets. Binding analysis was performed with the Repeated Analyte Pulses of Increasing Duration (RAPID) method, which involves the injection of samples at a single concentration with varied association times. Kinetic parameters were obtained from Creoptix Wave software (v 4.5.18). ",,,,Lizbé Koekemoer,"Centre of Medicines Discovery, University of Oxford; ASAP Discovery Consortium",Mary-Ann Xavier,Diamond Light Source; ASAP Discovery Consortium,Warren Thompson,Diamond Light Source; Research Complex at Harwell; ASAP Discovery Consortium,Frank von Delft,"Centre of Medicines Discovery, University of Oxford; Diamond Light Source; Research Complex at Harwell; ASAP Discovery Consortium; University of Johannesburg"
119548,2025-02-04 13:16:39,Creoptix Protein Immobilization Protocol: Biotin Capture on Streptavidin Chip,dx.doi.org/10.17504/protocols.io.bp2l6dym1vqe/v1,44F2285DE2FA11EFA53E0A58A9FEAC02,2025-04-15 10:16:40,https://www.protocols.io/view/creoptix-protein-immobilization-protocol-biotin-ca-dyy47xyw,True,creoptix-protein-immobilization-protocol-biotin-ca-dyy47xyw,"[{'funder_name': 'National Institutes of Health/National Institute Of Allergy and Infectious Diseases (NIH/NIAID)', 'grant_id': 'U19AI171399'}]",National Institutes of Health/National Institute Of Allergy and Infectious Diseases (NIH/NIAID),U19AI171399,Eda Capkin,--,Eda Capkin,Diamond Light Source; Research Complex at Harwell; ASAP Discovery Consortium,,,,,dx.doi.org/10.17504/protocols.io.bp2l6dym1vqe/v1,Creoptix Protein Immobilization Protocol: Biotin Capture on Streptavidin Chip,2025-04-15 10:16:40,,,,,,,,,,"This protocol provides a quick yet comprehensive method for the capture of various biotinylated
proteins on a PCH-STA chip, that preserves protein activity. The procedure covers system preparation, chip conditioning, protein capture, and subsequent analysis using the Creoptix WAVEsystem. It is a methods of surface modification that includes surface priming with the running buffer, protein capture, and final wash steps. The protein capture step requires optimization of the target protein concentration and injection duration to achieve desired response levels. ",,,,,,,,,,,
119833,2025-02-08 11:25:29,Crystallisation of Enterovirus D68 3C protease apo structure and fragment screen in space group P212121 (PDB code 8CNX),dx.doi.org/10.17504/protocols.io.n92ldm6jnl5b/v2,66E60461E60F11EFBF9E0A58A9FEAC02,2025-04-25 10:28:55,https://www.protocols.io/view/crystallisation-of-enterovirus-d68-3c-protease-apo-dy9z7z76,True,crystallisation-of-enterovirus-d68-3c-protease-apo-dy9z7z76,"[{'funder_name': 'National Institutes of Health/National Institute Of Allergy and Infectious Diseases (NIH/NIAID)', 'grant_id': 'Grant ID: U19AI171399'}]",National Institutes of Health/National Institute Of Allergy and Infectious Diseases (NIH/NIAID),Grant ID: U19AI171399,Lizbé Koekemoer,University of Oxford,Ryan Lithgo," XChem, Diamond Light Source; Research complex at Harwell; ASAP Discovery Consortium",Peter Marples," XChem, Diamond Light Source; Research complex at Harwell; ASAP Discovery Consortium",Lizbé Koekemoer, Centre of Medicines Discovery; University of Oxford; ASAP Discovery Consortium,dx.doi.org/10.17504/protocols.io.n92ldm6jnl5b/v1,ASAP protocol: Crystallization of Enterovirus D68 3C protease (PDB code 8CNX),2023-12-19 17:11:02,dx.doi.org/10.17504/protocols.io.n92ldm6jnl5b/v2,Crystallisation of Enterovirus D68 3C protease apo structure and fragment screen in space group P212121 (PDB code 8CNX),2025-04-25 10:28:55,,,,,,,The crystallization protocol and buffer conditions used to obtain Enterovirus D68 3C protease crystals. The crystal structure was depostited to RCSB PDB with code 8CNX.  In this new version we added the Addgene ID and the protein expression and purification protocol. This construct gave us a crystal form suitable for fragment screen and initial compound soaking.,,,,Daren Fearon," XChem, Diamond Light Source; ASAP Discovery Consortium",,,,,,
119839,2025-02-08 22:17:27,Fluorescence assay of EV-D68 3C protease activity measurement for screening against antiviral molecules,dx.doi.org/10.17504/protocols.io.261ge54jyg47/v2,7AA067E1E66A11EFBF9E0A58A9FEAC02,2025-05-21 09:57:04,https://www.protocols.io/view/fluorescence-assay-of-ev-d68-3c-protease-activity-dy977z9n,True,fluorescence-assay-of-ev-d68-3c-protease-activity-dy977z9n,"[{'funder_name': 'National Institutes of Health/National Institute Of Allergy and Infectious Diseases (NIH/NIAID)', 'grant_id': 'U19AI171399'}]",National Institutes of Health/National Institute Of Allergy and Infectious Diseases (NIH/NIAID),U19AI171399,charline.giroud,Center for Medicines Discovery,charline.giroud,"Center for Medicines Discovery, University of Oxford, ASAP Discovery Consortium",Oleg Fedorov,"Center for Medicines Discovery, University of Oxford, ASAP Discovery Consortium",,,dx.doi.org/10.17504/protocols.io.261ge54jyg47/v1,Fluorescence assay for Enterovirus D68 3C protease activity measurement,2024-04-26 11:59:58,dx.doi.org/10.17504/protocols.io.261ge54jyg47/v2,Fluorescence assay of EV-D68 3C protease activity measurement for screening against antiviral molecules,2025-05-21 09:57:04,dx.doi.org/10.17504/protocols.io.261ge54jyg47/v3,Fluorescence assay of EV-D68 3C protease activity measurement for screening against antiviral molecules,2025-06-04 15:39:21,,,,"This protocol details the fluorescence assay for Enterovirus D68 (EV-D68) 3C protease activity measurement. This method is intended to measure the activity of viral proteases by using a specific labelled-peptide that allows the detection of the cleaved product. The substrate contains the cleavage-sequence specific to the tested protease and is labeled in C-terminal by the fluorophore Edans (ex 336 nm; em: 455 nm) and in N-ternimal by the quencher Dabcyl (ex 472 nm). In the case of a non-cleaved substrate, the proximity of Dabcyl to Edans prevents the emission and the detection of the fluorescence at 455 nm. The cleavage of the peptide by the protease allows Edans’ fluorescence emission and detection. In this new version, we changed the buffer to be able to reduce the concentration of enzyme used. Also, we added the correct affiliation for the authors, protocol for protein purification and the Addgene ID for the corresponding plasmid used for protein production.",,,,,,,,,,,
119854,2025-02-10 02:32:11,Fluorescence assay for MERS-CoV Mpro protease activity measurement for screening against antiviral molecules,dx.doi.org/10.17504/protocols.io.8epv5rzm4g1b/v2,3B57A588E75711EFB4270A58A9FEAC02,2025-06-20 11:20:34,https://www.protocols.io/view/fluorescence-assay-for-mers-cov-mpro-protease-acti-dzan72de,True,fluorescence-assay-for-mers-cov-mpro-protease-acti-dzan72de,"[{'funder_name': 'National Institutes of Health/National Institute Of Allergy and Infectious Diseases (NIH/NIAID)', 'grant_id': 'U19AI171399'}]",National Institutes of Health/National Institute Of Allergy and Infectious Diseases (NIH/NIAID),U19AI171399,charline.giroud,Center for Medicines Discovery,charline.giroud,Center for Medicines Discovery; University of Oxford; ASAP Discovery Consortium,Oleg Fedorov,Center for Medicines Discovery; University of Oxford; ASAP Discovery Consortium,,,dx.doi.org/10.17504/protocols.io.8epv5rzm4g1b/v1,Fluorescence assay for MERS-CoV Mpro activity measurement,2024-04-26 11:56:30,dx.doi.org/10.17504/protocols.io.8epv5rzm4g1b/v2,Fluorescence assay for MERS-CoV Mpro protease activity measurement for screening against antiviral molecules,2025-06-20 11:20:34,,,,,,,"This protocol details the fluorescence assay for MERS-CoV Mpro protease activity measurement. This method is intended to measure the activity of viral proteases by using a specific labelled peptide that allows the detection of the cleaved product. The substrate contains the cleavage-sequence specific to the tested protease and is labeled in C-terminal by the fluorophore Edans (ex 336 nm; em: 455 nm) and in N-ternimal by the quencher Dabcyl (ex 472 nm). In the case of a non-cleaved substrate, the proximity of Dabcyl to Edans prevents the emission and the detection of the fluorescence at 455 nm. The cleavage of the peptide by the protease allows Edans’ fluorescence emission and detection. In this current version we added the protein production protocol and the plasmid used for this assay. In this new version, we added the protocol for protein expresssion and purification and the Addgene id.",,,,,,,,,,,
119855,2025-02-10 02:40:04,Fluorescence assay for Enterovirus A71 3C protease activity measurement for screening against antiviral molecules,dx.doi.org/10.17504/protocols.io.14egn6zjql5d/v2,54FAB551E75811EFBF9E0A58A9FEAC02,2025-04-23 16:16:57,https://www.protocols.io/view/fluorescence-assay-for-enterovirus-a71-3c-protease-dzap72dn,True,fluorescence-assay-for-enterovirus-a71-3c-protease-dzap72dn,"[{'funder_name': 'National Institutes of Health/National Institute Of Allergy and Infectious Diseases (NIH/NIAID)', 'grant_id': 'U19AI171399'}]",National Institutes of Health/National Institute Of Allergy and Infectious Diseases (NIH/NIAID),U19AI171399,charline.giroud,Center for Medicines Discovery,charline.giroud,Center for Medicines Discovery; University of Oxford; ASAP Discovery Consortium,Oleg Fedorov,Center for Medicines Discovery; University of Oxford;  ASAP Discovery Consortium,,,dx.doi.org/10.17504/protocols.io.14egn6zjql5d/v1,Fluorescence assay for Enterovirus A71 3C protease activity measurement,2024-04-26 11:49:31,dx.doi.org/10.17504/protocols.io.14egn6zjql5d/v2,Fluorescence assay for Enterovirus A71 3C protease activity measurement for screening against antiviral molecules,2025-04-23 16:16:57,dx.doi.org/10.17504/protocols.io.14egn6zjql5d/v3,Fluorescence assay for Enterovirus A71 3C protease activity measurement for screening against antiviral molecules,2025-06-04 15:54:27,,,,"This protocol details the fluorescence assay for Enterovirus A71 (EV-A71) 3C protease activity measurement. This method is intended to measure the activity of viral proteases by using a specific labelled-peptide that allows the detection of the cleaved product. The substrate contains the cleavage-sequence specific to the tested protease and is labeled in C-terminal by the fluorophore Edans (ex 336 nm; em: 455 nm) and in N-ternimal by the quencher Dabcyl (ex 472 nm). In the case of a non-cleaved substrate, the proximity of Dabcyl to Edans prevents the emission and the detection of the fluorescence at 455 nm. The cleavage of the peptide by the protease allows Edans’ fluorescence emission and detection.",,,,,,,,,,,
119890,2025-02-10 15:30:39,MERS-CoV Mpro large scale purification protocol,dx.doi.org/10.17504/protocols.io.bp2l62b11gqe/v2,FB7F616BE7C311EFBF9E0A58A9FEAC02,2025-06-20 11:05:28,https://www.protocols.io/view/mers-cov-mpro-large-scale-purification-protocol-dzbs72ne,True,mers-cov-mpro-large-scale-purification-protocol-dzbs72ne,"[{'funder_name': 'National Institutes of Health/National Institute Of Allergy and Infectious Diseases (NIH/NIAID)', 'grant_id': 'U19AI171399'}]",National Institutes of Health/National Institute Of Allergy and Infectious Diseases (NIH/NIAID),U19AI171399,SiYi Wang,CMD,SiYi Wang,"Centre for Medicines Discovery, University of Oxford, ASAP Discovery Consortium",Michael Fairhead,"Centre for Medicines Discovery, University of Oxford, ASAP Discovery Consortium",Eleanor Williams,"Centre for Medicines Discovery, University of Oxford, ASAP Discovery Consortium",dx.doi.org/10.17504/protocols.io.bp2l62b11gqe/v1,MERS-CoV Mpro large scale purification protocol,2024-04-26 13:36:07,dx.doi.org/10.17504/protocols.io.bp2l62b11gqe/v2,MERS-CoV Mpro large scale purification protocol,2025-06-20 11:05:28,,,,,,,"This protocol details the expression and purification of MERS-CoV Mpro construct bearing a N-terminal His-SUMO tag at large scale (>6L).
",,,,,,,,,,,
120168,2025-02-13 11:50:40, Enterovirus D68 3C protease small scale expression and purification protocol,dx.doi.org/10.17504/protocols.io.dm6gpzrkdlzp/v2,BF7CE7E5EA0011EF99740A58A9FEAC02,2025-04-22 13:11:20,https://www.protocols.io/view/enterovirus-d68-3c-protease-small-scale-expressio-dzkg74tw,True,enterovirus-d68-3c-protease-small-scale-expressio-dzkg74tw,"[{'funder_name': 'National Institutes of Health/National Institute Of Allergy and Infectious Diseases (NIH/NIAID)', 'grant_id': 'U19AI171399'}]",National Institutes of Health/National Institute Of Allergy and Infectious Diseases (NIH/NIAID),U19AI171399,SiYi Wang,CMD,SiYi Wang,"Centre for Medicines Discovery, University of Oxford, ASAP Discovery Consortium",Michael Fairhead,"Centre for Medicines Discovery, University of Oxford, ASAP Discovery Consortium",Eleanor Williams,"Centre for Medicines Discovery, University of Oxford, ASAP Discovery Consortium",dx.doi.org/10.17504/protocols.io.dm6gpzrkdlzp/v1,Enterovirus D68 3C protease small scale expression and purification protocol,2024-04-26 12:46:41,dx.doi.org/10.17504/protocols.io.dm6gpzrkdlzp/v2, Enterovirus D68 3C protease small scale expression and purification protocol,2025-04-22 13:11:20,,,,,,,"This protocol details the expression and purification of enterovirus D68 3C protease construct bearing a C-terminal His-tag at small scale (<6L).
",,,,,,,,,,,
120175,2025-02-13 12:41:32,Fluorescence assay for Enterovirus coxsackievirus A16 2A protease activity measurement,dx.doi.org/10.17504/protocols.io.q26g7186qgwz/v2,DA6CAF1EEA0711EF99740A58A9FEAC02,2025-05-21 09:51:34,https://www.protocols.io/view/fluorescence-assay-for-enterovirus-coxsackievirus-dzkp74vn,True,fluorescence-assay-for-enterovirus-coxsackievirus-dzkp74vn,"[{'funder_name': 'National Institutes of Health/National Institute Of Allergy and Infectious Diseases (NIH/NIAID)', 'grant_id': 'U19AI171399'}]",National Institutes of Health/National Institute Of Allergy and Infectious Diseases (NIH/NIAID),U19AI171399,charline.giroud,Center for Medicines Discovery,charline.giroud,"Center for Medicines Discovery, University of Oxford, ASAP Discovery Consortium",Oleg Fedorov,"Center for Medicines Discovery, University of Oxford, ASAP Discovery Consortium",,,dx.doi.org/10.17504/protocols.io.q26g7186qgwz/v1,Fluorescence assay for Enterovirus coxsackievirus A16 2A protease activity measurement,2024-04-26 12:02:29,dx.doi.org/10.17504/protocols.io.q26g7186qgwz/v2,Fluorescence assay for Enterovirus coxsackievirus A16 2A protease activity measurement,2025-05-21 09:51:34,,Fluorescence assay for Enterovirus coxsackievirus A16 2A protease activity measurement,,,,,"This protocol details the fluorescence assay for Enterovirus coxsackievirus A16 (CVA16) 2A protease activity measurement. This method is intended to measure the activity of viral proteases by using a specific labelled-peptide that allows the detection of the cleaved product. The substrate contains the cleavage-sequence specific to the tested protease and is labeled in C-terminal by the fluorophore Edans (ex 336 nm; em: 455 nm) and in N-ternimal by the quencher Dabcyl (ex 472 nm). In the case of a non-cleaved substrate, the proximity of Dabcyl to Edans prevents the emission and the detection of the fluorescence at 455 nm. The cleavage of the peptide by the protease allows Edans’ fluorescence emission and detection. This version we added the protein production protocol and the addgene ID.",,,,,,,,,,,
120307,2025-02-14 10:42:04,Dengue virus serotype 2 NS2B-NS3 protease fusion construct small scale expression and purification for biophysical and biochemical assays protocol,dx.doi.org/10.17504/protocols.io.4r3l2qqdpl1y/v2,545B6D45EAC011EF83CF0A58A9FEAC02,2025-08-28 07:58:38,https://www.protocols.io/view/dengue-virus-serotype-2-ns2b-ns3-protease-fusion-c-dzqt75wn,True,dengue-virus-serotype-2-ns2b-ns3-protease-fusion-c-dzqt75wn,"[{'funder_name': 'National Institutes of Health/National Institute Of Allergy and Infectious Diseases (NIH/NIAID)', 'grant_id': 'U19AI171432'}]",National Institutes of Health/National Institute Of Allergy and Infectious Diseases (NIH/NIAID),U19AI171432,SiYi Wang,CMD,SiYi Wang,"Centre for Medicines Discovery, University of Oxford; ASAP Discovery Consortium",Michael Fairhead,"Centre for Medicines Discovery, University of Oxford; ASAP Discovery Consortium",Eleanor Williams,"Centre for Medicines Discovery, University of Oxford; ASAP Discovery Consortium",dx.doi.org/10.17504/protocols.io.4r3l2qqdpl1y/v1,Dengue virus serotype 2 NS2B-NS3 protease fusion construct small scale expression and purification for Creoptix and biochemical assaysprotocol,2024-10-31 16:17:44,dx.doi.org/10.17504/protocols.io.4r3l2qqdpl1y/v2,Dengue virus serotype 2 NS2B-NS3 protease fusion construct small scale expression and purification for biophysical and biochemical assays protocol,2025-08-28 07:58:38,,,,,,,"This protocol details the co-expression and purification of Dengue virus serotype 2 NS2B-NS3 protease fusion construct bearing a N-terminal His-StrepII tag at small scale (<6L). The final product does not have its affinity tags removed, and is catalytically active. Final product is suitable for biophysical and biochemical assays. In the current version we added the Addgene id for the plasmid used and corrected the affiliation.
",,,,,,,,,,,
120362,2025-02-14 13:19:10,The Manufacture and Setup  of Single Use (SUB) Bubble Column Reactors (BCR): Litre-Scale Expression of Recombinant Proteins for Structural Biology and Drug Design (SBDD).,dx.doi.org/10.17504/protocols.io.e6nvwb4x9vmk/v1,783904DFE5904EBBB13B470728564DC8,2025-05-27 07:25:19,https://www.protocols.io/view/the-manufacture-and-setup-of-single-use-sub-bubble-dzsi76ce,True,the-manufacture-and-setup-of-single-use-sub-bubble-dzsi76ce,[],,,Nathan Wright,University of Oxford,Nathan Wright,University of Oxford,,,,,dx.doi.org/10.17504/protocols.io.e6nvwb4x9vmk/v1,The Manufacture and Setup  of Single Use (SUB) Bubble Column Reactors (BCR): Litre-Scale Expression of Recombinant Proteins for Structural Biology and Drug Design (SBDD).,2025-05-27 07:25:19,,,,,,,,,,"Structure-Based Drug Discovery (SBDD) is an approach to drug design which involves crystallising disease target proteins unbound and with candidate small-molecule binders, to observe and analyse the binding interaction, or to identify novel binders that can be developed into lead-like compounds.   Obtaining sufficient protein quantity and crystal forms amenable to soaking with candidate binders remains a bottleneck. The Centre for Medicines Discovery’s (CMD) approach to this problem, is to design multiple constructs to explore protein expression and crystallisation behaviour. Protein crystallography (PX) has a high demand for protein quantities, a limiting factor in this workflow is the production of sufficient quantities of the multiple proteins for our experimental needs. This burden increases rapidly with the addition of each construct.   Existing shake-flask workflows for protein expression do not scale adequately to meet these requirements. To address this bottleneck a novel, single-use Bubble-Column Bioreactor (suBCR) array was developed, that allows for parallel 1 L E. coli batch cultivation. This bioreactor array will be incorporated into a Gene-to-Product workflow aimed at increasing protein production efficiency by increasing throughput whilst reducing labour burden.  This protocol covers materials, manufacture, and general system set-up. For a more complete protocol addressing system operation, the reader is referred to: ""Setup and Operation of Single Use (SUB) Bubble Column Reactors (BCR): Litre-Scale Expression of Recombinant Proteins for Structural Biology and Drug Design (SBDD).""",,,,,,,,,,,
123150,2025-02-20 15:49:23,Crystallisation of MERS-CoV Mpro in C2221  used for compound soaking,dx.doi.org/10.17504/protocols.io.8epv5rn84g1b/v2,41CADB3EEFA211EF9E6E0A58A9FEAC02,2025-05-13 12:14:40,https://www.protocols.io/view/crystallisation-of-mers-cov-mpro-in-c2221-used-for-d4hn8t5e,True,crystallisation-of-mers-cov-mpro-in-c2221-used-for-d4hn8t5e,"[{'funder_name': 'National Institutes of Health/National Institute Of Allergy and Infectious Diseases (NIH/NIAID)', 'grant_id': 'Grant ID: U19AI171399'}]",National Institutes of Health/National Institute Of Allergy and Infectious Diseases (NIH/NIAID),Grant ID: U19AI171399,Peter Marples,Diamond Light Source,Blake Balcomb,Diamond Light Source; Research Complex at Harwell; ASAP Discovery Consortium,Peter Marples,Diamond Light Source; Research Complex at Harwell; ASAP Discovery Consortium,Lizbé Koekemoer,Centre of Medicines Discovery; University of Oxford; ASAP Discovery Consortium,dx.doi.org/10.17504/protocols.io.8epv5rn84g1b/v1,Crystallisation of MERS-CoV Mpro,2024-10-02 09:33:01,dx.doi.org/10.17504/protocols.io.8epv5rn84g1b/v2,Crystallisation of MERS-CoV Mpro in C2221  used for compound soaking,2025-05-13 12:14:40,,,,,,," The COVID-19 pandemic has highlighted the need to identify novel therapeutic interventions and strategies for pandemic preparedness. Other than Severe Acute Respiratory Syndrome Coronavirus 2 (SARS-CoV-2), there are several human coronaviruses that are of pandemic concern, these include SARS-CoV and Middle Eastern Respiratory Syndrome (MERS-CoV). MERS-CoV is a zoonotic virus that was first discovered in 2012. The disease has spread rapidly with large outbreaks as recent as 2015 and 2018. Currently there is no therapeutic intervention for MERS-CoV with 35% of reported cases resulting in human death. Like-wise to SARS-CoV-2, MERS-CoV produces a main protease (Mpro) which is essential for viral replication and therefore an attractive target to inhibit the virus. In this new version we added the protein purification protocol and Addgene id, together with the solvent test and compound soaking conditions.",,,,Charlie Tomlinson,Diamond Light Source; Research Complex at Harwell; ASAP Discovery Consortium,Daren Fearon,Diamond Light Source; Research Complex at Harwell; ASAP Discovery Consortium,,,,
123198,2025-02-21 13:36:41,Dengue Virus Serotype 2 NS2B-NS3 protease fusion protein Avi-tagged (Biotinylated) protein expression and purification: large scale 1 L cultures,dx.doi.org/10.17504/protocols.io.rm7vzkzzxvx1/v1,E24DE432F05811EFBC070A58A9FEAC02,2025-04-15 13:25:37,https://www.protocols.io/view/dengue-virus-serotype-2-ns2b-ns3-protease-fusion-p-d4i68uhe,True,dengue-virus-serotype-2-ns2b-ns3-protease-fusion-p-d4i68uhe,"[{'funder_name': 'National Institutes of Health/National Institute Of Allergy and Infectious Diseases (NIH/NIAID)', 'grant_id': 'U19AI171399'}]",National Institutes of Health/National Institute Of Allergy and Infectious Diseases (NIH/NIAID),U19AI171399,Mary-Ann Xavier,Diamond Light Source,Michael Fairhead,"University of Oxford, ASAP Discovery Consortium",,,,,dx.doi.org/10.17504/protocols.io.rm7vzkzzxvx1/v1,Dengue Virus Serotype 2 NS2B-NS3 protease fusion protein Avi-tagged (Biotinylated) protein expression and purification: large scale 1 L cultures,2025-04-15 13:25:37,,,,,,,,,,"This protocol details the expression and purification of Dengue Virus Serotype 2 NS2B-NS3 protease fusion protein with a AviTag (biotinylation tag) for biophysical assay at a 1 L culture scale. Recombinant proteins are expressed in Escherichia coli using the autoinduction method and then purified in using a IMAC, desalt, tag cleavage, reverse IMAC and gel filtration work flow.


",,,,,,,,,,,
123294,2025-02-24 14:43:23,Crystallisation of SARS-CoV-2 MPro in  P212121 for compound soaking,dx.doi.org/10.17504/protocols.io.261ge5emyg47/v2,B3028184F2BD11EF98FB0A58A9FEAC02,2025-05-13 12:27:18,https://www.protocols.io/view/crystallisation-of-sars-cov-2-mpro-in-p212121-for-d4m68u9e,True,crystallisation-of-sars-cov-2-mpro-in-p212121-for-d4m68u9e,"[{'funder_name': 'National Institutes of Health/National Institute Of Allergy and Infectious Diseases (NIH/NIAID)', 'grant_id': 'Grant ID: U19AI171399'}]",National Institutes of Health/National Institute Of Allergy and Infectious Diseases (NIH/NIAID),Grant ID: U19AI171399,Peter Marples,Diamond Light Source,Blake Balcomb,Diamond Light Source; Research Complex at Harwell; ASAP Discovery Consortium,Peter Marples,Diamond Light Source; Research Complex at Harwell; ASAP Discovery Consortium,Lizbé Koekemoer,Centre of Medicines Discovery; University of Oxford; ASAP Discovery Consortium,dx.doi.org/10.17504/protocols.io.261ge5emyg47/v1,Crystallisation of SARS-CoV-2 Mpro,2024-10-02 09:31:47,dx.doi.org/10.17504/protocols.io.261ge5emyg47/v2,Crystallisation of SARS-CoV-2 MPro in  P212121 for compound soaking,2025-05-13 12:27:18,,,,,,,"The COVID-19 pandemic has highlighted the need to identify novel therapeutic interventions and strategies for pandemic preparedness against Severe Acute Respiratory Syndrome Coronavirus 2 (SARS-CoV-2). This protocol outlines the crystallization protocol and buffer conditions used to obtain reproducible SARS-CoV-2 Mpro crystals suitable for XChem fragment screening. In this new version we added the solvent test, soaking conditions, seeding reference paper and addgene ids used in this experiment.",,,,Charlie Tomlinson,Diamond Light Source; Research Complex at Harwell; ASAP Discovery Consortium,Daren Fearon,Diamond Light Source; Research Complex at Harwell; ASAP Discovery Consortium,,,,
123553,2025-02-27 20:01:11,DENGUE Antiviral Immunofluorescence staining Protocol,dx.doi.org/10.17504/protocols.io.8epv52yb6v1b/v1,973B8A8CF54511EF8E460A58A9FEAC02,2025-08-04 08:01:41,https://www.protocols.io/view/dengue-antiviral-immunofluorescence-staining-proto-d4v98w96,True,dengue-antiviral-immunofluorescence-staining-proto-d4v98w96,"[{'funder_name': 'National Institutes of Health/National Institute Of Allergy and Infectious Diseases (NIH/NIAID)', 'grant_id': 'U19AI171399'}]",National Institutes of Health/National Institute Of Allergy and Infectious Diseases (NIH/NIAID),U19AI171399,Briana L McGovern,Icahn School of Medicine at Mount Sinai,Briana L McGovern,Icahn School of Medicine at Mount Sinai; ASAP Discovery Consortium,,,,,dx.doi.org/10.17504/protocols.io.8epv52yb6v1b/v1,DENGUE Antiviral Immunofluorescence staining Protocol,2025-08-04 08:01:41,,,,,,,,,,This protocol describes immunofluorescence staining of fixed SARS-CoV-2 infected cells using IC7C7 primary antibody (produced in house against SARS-CoV-2 NP) and Alexa Fluor 488-conjugated secondary antibody. The procedure results in fluorescently labeled infected cells for quantification of viral infection.,,,,,,,,,,,
123758,2025-03-04 10:53:51,Crystal structure of Enterovirus A71 2A protease mutant C110A containing VP1-2A junction in the active site apo structure (C1 PDB: 9FGO) used for fragment screen and compound soaking,dx.doi.org/10.17504/protocols.io.6qpvr9b52vmk/v1,F551FA96F8E611EF86990A58A9FEAC02,2025-07-25 09:28:38,https://www.protocols.io/view/crystal-structure-of-enterovirus-a71-2a-protease-m-d44n8yve,True,crystal-structure-of-enterovirus-a71-2a-protease-m-d44n8yve,"[{'funder_name': 'National Institutes of Health/National Institute Of Allergy and Infectious Diseases (NIH/NIAID)', 'grant_id': 'Grant ID: U19AI171399'}]",National Institutes of Health/National Institute Of Allergy and Infectious Diseases (NIH/NIAID),Grant ID: U19AI171399,Mary-Ann Xavier,Diamond Light Source,Xiaomin Ni,Centre of Medicines Discovery; University of Oxford; ASAP Discovery Consortium,Peter Marples,Diamond Light Source; Research Complex at Harwell; ASAP Discovery Consortium,Daren Fearon,Diamond Light Source; Research Complex at Harwell; ASAP Discovery Consortium,dx.doi.org/10.17504/protocols.io.6qpvr9b52vmk/v1,Crystal structure of Enterovirus A71 2A protease mutant C110A containing VP1-2A junction in the active site apo structure (C1 PDB: 9FGO) used for fragment screen and compound soaking,2025-07-25 09:28:38,,,,,,,,,,"This protocol describes the crystallization of Enterovirus 71 (EV-71) 2A protease mutant C110A containing the VP1-2A junction in the active site. The crystals form within 12-24 hours using a crystallization screen composed of 1.8M NaCl and 15% ethanol. The crystal structure was determined using X-ray diffraction, resulting in hexagonal prism crystals in space group P61 with unit cell dimensions of 61.5Å, 61.5Å, 78.9Å (90.00°, 90.00°, 120.00°) and an average resolution of 1.5Å. The protein was expressed using the plasmid Enterovirus Coxsackievirus A71 2A protease 228633. ",,,,Lizbé Koekemoer,Centre of Medicines Discovery; University of Oxford; ASAP Discovery Consortium ,,,,,,
124112,2025-03-10 15:25:29,Zika NS2B-3-4A Protein Construct cleavage pattern assay,dx.doi.org/10.17504/protocols.io.yxmvm9dw9l3p/v1,E5F9F121FDC311EFB2FC0A58A9FEAC02,2025-08-13 20:19:40,https://www.protocols.io/view/zika-ns2b-3-4a-protein-construct-cleavage-pattern-d5fq83mw,True,zika-ns2b-3-4a-protein-construct-cleavage-pattern-d5fq83mw,"[{'funder_name': 'National Institutes of Health/National Institute Of Allergy and Infectious Diseases (NIH/NIAID)', 'grant_id': 'U19AI171399'}]",National Institutes of Health/National Institute Of Allergy and Infectious Diseases (NIH/NIAID),U19AI171399,Nick Lynch,Curlew Research,Adeeba Dhalech,Stanford University; ASAP Discovery Consortium,,,,,dx.doi.org/10.17504/protocols.io.yxmvm9dw9l3p/v1,Zika NS2B-3-4A Protein Construct cleavage pattern assay,2025-08-13 20:19:40,,,,,,,,,,"Cis cleavage pattern by viral protease is analyzed using an expression plasmid pT7CFE1-NHA-Chis-target of interest. For flaviviruses (ZIka/DENV) the plasmid has been designed to include the cofactor domain of NS2B, NS2B-3 cleavage site, protease and helicase domains of NS3, and first 49 residues of NS4A to include the NS3-4A cleavage site (1). The plasmid lacks transmembrane domains. For enteroviruses (EVD68/EVA71), the plasmid includes the cleavage of structural protein VP1 from VP12A by the enteroviral 2A protease (2).  Protein synthesis is carried out using a Rabbit reticulocyte lysate (TNT‱ Quick Coupled Transcription/Translation Systems; Promega) and 1 µg/50 µL of plasmid template via a coupled transcription/translation system in presence of S-35 labeled L-Methionine (EasyTag; PerkinElmer) (3) and output is quantified using SDS gels.        D.A. Constant, R. Mateo, C.M. Nagamine, & K. Kirkegaard, Targeting intramolecular proteinase NS2B/3 cleavages for trans-dominant inhibition of dengue virus, Proc. Natl. Acad. Sci. U.S.A. 115 (40) 10136-10141, https://doi.org/10.1073/pnas.1805195115 (2018). Doherty JS, Kirkegaard K. 2023. Differential inhibition of intra- and inter-molecular protease cleavages by antiviral compounds. J Virol 97:e00928-23.https://doi.org/10.1128/jvi.00928-23 https://www.promega.com/products/protein-expression/cell-free-protein-expression/tnt-quick-coupled-transcription_translation-system/?catNum=L1170#protocols",,,,,,,,,,,
124240,2025-03-03 04:40:08,In Vitro Antiviral Screening assay Against Viruses of Pandemic Potential ,dx.doi.org/10.17504/protocols.io.5qpvo9jddv4o/v1,707011D4FF1C11EF90740A58A9FEAC02,2025-08-03 15:14:24,https://www.protocols.io/view/in-vitro-antiviral-screening-assay-against-viruses-d5jq84mw,True,in-vitro-antiviral-screening-assay-against-viruses-d5jq84mw,[],,,Nick Lynch,Curlew Research,Nick Lynch,Curlew Research;ASAP Discovery Consortium,,,,,dx.doi.org/10.17504/protocols.io.5qpvo9jddv4o/v1,In Vitro Antiviral Screening assay Against Viruses of Pandemic Potential ,2025-08-03 15:14:24,,,,,,,,,,"This protocol details a primary cytopathic effect (CPE) reduction assay for evaluating antiviral compound efficacy. Vero 76 cell monolayers are prepared in 96-well plates and exposed to eight serial half-log10 concentrations of test compounds, along with infected and uninfected controls, and a known active drug. After virus inoculation and incubation until >80% CPE is observed in virus controls, cell viability is quantified using neutral red staining and spectrophotometric analysis at 540 nm. The 50% effective (EC50) and 50% cytotoxic (CC50) concentrations are determined by regression analysis, and the selectivity index (SI50) is calculated to identify compounds with antiviral activity (EC50 <10 μM, SI50 > 5).",,,,,,,,,,,
124745,2025-03-20 17:47:33,Live Virus EV-A71 - RD - Antiviral Screening Assay,dx.doi.org/10.17504/protocols.io.ewov12j7kgr2/v1,6727628A05B311F082780A58A9FEAC02,2025-08-02 15:08:47,https://www.protocols.io/view/live-virus-ev-a71-rd-antiviral-screening-assay-d53h88j6,True,live-virus-ev-a71-rd-antiviral-screening-assay-d53h88j6,"[{'funder_name': 'National Institutes of Health/National Institute Of Allergy and Infectious Diseases (NIH/NIAID)', 'grant_id': 'U19AI171399'}]",National Institutes of Health/National Institute Of Allergy and Infectious Diseases (NIH/NIAID),U19AI171399,Briana L McGovern,Icahn School of Medicine at Mount Sinai,Briana L McGovern,Icahn School of Medicine at Mount Sinai; ASAP Discovery Consortium,,,,,dx.doi.org/10.17504/protocols.io.ewov12j7kgr2/v1,Live Virus EV-A71 - RD - Antiviral Screening Assay,2025-08-02 15:08:47,,,,,,,,,,"The following is a protocol for live virus antiviral screening against EV-A71 in vitro. Cells are prophylactically treated with antiviral candidates that have been serially diluted to investigate activity, via IC50 values generated via analysis of immunofluorescent staining, against EV-A71.   Each live virus screening assay is accompanied by a matching cytotoxicity screening assay in uninfected cells to investigate drug toxicity.",,,,,,,,,,,
124916,2025-03-24 19:01:13,Antiviral In Vitro Screening Using SARS-CoV-2 and MERS-CoV - Cytotoxicity of Drugs,dx.doi.org/10.17504/protocols.io.5qpvooxzzv4o/v1,5B423C7608E211F0BF160A58A9FEAC02,2025-08-03 14:15:21,https://www.protocols.io/view/antiviral-in-vitro-screening-using-sars-cov-2-and-d58u89ww,True,antiviral-in-vitro-screening-using-sars-cov-2-and-d58u89ww,"[{'funder_name': 'National Institutes of Health/National Institute Of Allergy and Infectious Diseases (NIH/NIAID)', 'grant_id': 'U19AI171399'}]",National Institutes of Health/National Institute Of Allergy and Infectious Diseases (NIH/NIAID),U19AI171399,Nick Lynch,Curlew Research,Nadine Alvarez,CDI Dr Perlin Lab; ASAP Discovery Consortium,Sean Fitzgerald,CDI Dr Perlin Lab; ASAP Discovery Consortium,Fatima Ijaz,CDI Dr Perlin Lab; ASAP Discovery Consortium,dx.doi.org/10.17504/protocols.io.5qpvooxzzv4o/v1,Antiviral In Vitro Screening Using SARS-CoV-2 and MERS-CoV - Cytotoxicity of Drugs,2025-08-03 14:15:21,,,,,,,,,,The protocol evaluates compounds to determine their antiviral activity against coronaviruses. The antiviral activity is evaluated based on the 50% inhibitory concentration (IC50) and the 50% effective concentration (EC50). Two cell lines can be used for these assays (A549+ACE2+TMP (Invivogen) or VeroE6/TMPRSS2 cells (XenoTech)). The multiplicity of infection (MOI) will depend on the virus stock titer. The incubation time can vary if using a reporter virus. The assay can be performed in 96-well plates (medium throughput screening) or 384-well plates (high throughput screening).,,,,,,,,,,,
126480,2025-04-09 23:58:12,Coronavirus protease panel anti viral assay using 293T cells,dx.doi.org/10.17504/protocols.io.kxygx7p2kl8j/v1,7EE536EA159E11F093480A58A9FEAC02,2025-08-03 15:06:36,https://www.protocols.io/view/coronavirus-protease-panel-anti-viral-assay-using-d7rq9m5w,True,coronavirus-protease-panel-anti-viral-assay-using-d7rq9m5w,[],,,Nick Lynch,Curlew Research,Nick Lynch,Curlew Research;ASAP Discovery Consortium,,,,,dx.doi.org/10.17504/protocols.io.kxygx7p2kl8j/v1,Coronavirus protease panel anti viral assay using 293T cells,2025-08-03 15:06:36,,,,,,,,,,"Cell-based fluorescent assay with high sensitivity and low background that reports on the activity of viral proteases, which are key drug targets. Assay is compatible with not only the SARS-CoV-2 Mpro protein but also orthologues from a range of human and nonhuman CoVs as well as clinically reported SARS-CoV-2 drug-resistant Mpro variants. The assay is run using Cell-based (293T) Panel of transfected CoV proteases. 2 𝜇M of a P-gp inhibitor is also used. Candidate perturbagens are screened as part of the assay The assay is run as a panel to define the breadth of activity against of viral proteases and results reported against this set",,,,,,,,,,,
130984,2025-04-18 16:35:35,Live Virus EV-D68 - RD - Antiviral Screening Assay ,dx.doi.org/10.17504/protocols.io.yxmvmywybv3p/v1,277E83C41C7311F091D70A58A9FEAC02,2025-08-02 14:47:59,https://www.protocols.io/view/live-virus-ev-d68-rd-antiviral-screening-assay-eb6gbarbx,True,live-virus-ev-d68-rd-antiviral-screening-assay-eb6gbarbx,"[{'funder_name': 'National Institutes of Health/National Institute Of Allergy and Infectious Diseases (NIH/NIAID)', 'grant_id': 'U19AI171399'}]",National Institutes of Health/National Institute Of Allergy and Infectious Diseases (NIH/NIAID),U19AI171399,Nick Lynch,Curlew Research,Rebecca Pearl,Icahn School of Medicine at Mount Sinai; ASAP Discovery Consortium,Randy Albrecht,Icahn School of Medicine at Mount Sinai; ASAP Discovery Consortium,,,dx.doi.org/10.17504/protocols.io.yxmvmywybv3p/v1,Live Virus EV-D68 - RD - Antiviral Screening Assay ,2025-08-02 14:47:59,,,,,,,,,,"The following is a protocol for live virus antiviral screening against EV-D68 in vitro using Rhabdomyosarcoma (RD) cells. RD Cells are prophylactically treated with antiviral candidates that have been serially diluted to investigate activity, via IC50 values generated via analysis of immunofluorescent staining, against EV-D68.  You may opt to include PgP inhibitor in the assay by adding 2uM into the infection media. Each live virus screening assay is accompanied by a matching cytotoxicity screening assay in uninfected cells to investigate drug toxicity.",,,,,,,,,,,
162007,2025-04-25 15:10:30,"Crystallisation of Enterovirus coxsackievirus A16 2A protease in space group C2 used for apo, fragment screen and follow compounds (PDB 8POA)",dx.doi.org/10.17504/protocols.io.3byl49kdzgo5/v2,6D94C02021E711F08B610A58A9FEAC02,2025-04-25 15:34:34,https://www.protocols.io/view/crystallisation-of-enterovirus-coxsackievirus-a16-fafxbibpp,True,crystallisation-of-enterovirus-coxsackievirus-a16-fafxbibpp,"[{'funder_name': 'National Institutes of Health/National Institute Of Allergy and Infectious Diseases (NIH/NIAID)', 'grant_id': 'Grant ID: U19AI171399'}]",National Institutes of Health/National Institute Of Allergy and Infectious Diseases (NIH/NIAID),Grant ID: U19AI171399,Lizbé Koekemoer,University of Oxford,Ryan Lithgo,Diamond Light Source; Research Complex at Harwell; ASAP Discovery Consortium,Peter Marples,Diamond Light Source; Research Complex at Harwell; ASAP Discovery Consortium,Lizbé Koekemoer,Centre of Medicines Discovery; University of Oxford;  ASAP Discovery Consortium,dx.doi.org/10.17504/protocols.io.3byl49kdzgo5/v1,Crystallization of Enterovirus coxsackievirus A16 2A protease,2024-04-26 14:09:32,dx.doi.org/10.17504/protocols.io.3byl49kdzgo5/v2,"Crystallisation of Enterovirus coxsackievirus A16 2A protease in space group C2 used for apo, fragment screen and follow compounds (PDB 8POA)",2025-04-25 15:34:34,,,,,,,"Picornaviridae coxsackievirus A16 is the causative agent of paediatric hand-foot-and-mouth disease, and a target for pandemic preparedness due to the risk of higher order complications in a large-scale outbreak. The 2A protease of the virus is responsible for self-cleavage from the poly protein, allowing for correct folding and assembly of capsid proteins in the final stages of viral replication. Inhibition deranges capsid folding and assembly, preventing formation of mature virions in host cells and making the protease a valuable target for antiviral activity. This protocol was used to grow coxsackievirus A16 crystals (PDB 8POA) that were used in high-throughput crystallographic fragment screening, and follow up compounds on the target. In this new version we added: the group deposition code; details about the fragment screen and solvent tolerance; also the protein production protocol.",,,,Daren Fearon,Diamond Light Source; Research Complex at Harwell; ASAP Discovery Consortium,,,,,,
162060,2025-04-25 15:37:39,Crystallization of Enterovirus A71 3C protease in C2221  apo structure (PDB 8CNY),dx.doi.org/10.17504/protocols.io.yxmvm3e89l3p/v2,383868BA21EB11F08B610A58A9FEAC02,2025-04-30 12:08:15,https://www.protocols.io/view/crystallization-of-enterovirus-a71-3c-protease-in-fahkbib4x,True,crystallization-of-enterovirus-a71-3c-protease-in-fahkbib4x,"[{'funder_name': 'National Institutes of Health/National Institute Of Allergy and Infectious Diseases (NIH/NIAID)', 'grant_id': 'Grant ID: U19AI171399'}]",National Institutes of Health/National Institute Of Allergy and Infectious Diseases (NIH/NIAID),Grant ID: U19AI171399,Lizbé Koekemoer,University of Oxford,Ryan Lithgo,XChem; Diamond Light Source; Research complex at Harwell; ASAP Discovery Consortium,Peter Marples,XChem; Diamond Light Source; Research complex at Harwell; ASAP Discovery Consortium,Lizbé Koekemoer,Centre of Medicines Discovery; University of Oxford; ASAP Discovery Consortium,dx.doi.org/10.17504/protocols.io.yxmvm3e89l3p/v1,ASAP protocol: Crystallization of Enterovirus A71 3C protease (PDB code 8CNY),2023-12-19 15:08:44,dx.doi.org/10.17504/protocols.io.yxmvm3e89l3p/v2,Crystallization of Enterovirus A71 3C protease in C2221  apo structure (PDB 8CNY),2025-04-30 12:08:15,,,,,,,"The crystallization protocol and buffer conditions used to obtain Enterovirus A71 3C protease crystals. The crystal structure was depostited to RCSB PDB with code 8CNY. In this version we added: protein production, solvent tolerance test protocols and the Addgene ID of the contruct used.",,,,Daren Fearon,Diamond Light Source,,,,,,
218847,2025-05-23 15:03:58,Isothermal titration calorimetry protocol for binding studies of enterovirus EV-A71 2A protease and small inhibitors,dx.doi.org/10.17504/protocols.io.eq2lyqroqvx9/v1,6914C45B895543DA8E63869EAB696EEF,2025-07-29 13:58:30,https://www.protocols.io/view/isothermal-titration-calorimetry-protocol-for-bind-gzx7bx7rp,True,isothermal-titration-calorimetry-protocol-for-bind-gzx7bx7rp,"[{'funder_name': 'National Institutes of Health/National Institute Of Allergy and Infectious Diseases (NIH/NIAID)', 'grant_id': 'U19AI171399'}]",National Institutes of Health/National Institute Of Allergy and Infectious Diseases (NIH/NIAID),U19AI171399,Mary-Ann Xavier,Diamond Light Source,Eda Capkin,Diamond Light Source; Research Complex at Harwell; ASAP Discovery Consortium,,,,,dx.doi.org/10.17504/protocols.io.eq2lyqroqvx9/v1,Isothermal titration calorimetry protocol for binding studies of enterovirus EV-A71 2A protease and small inhibitors,2025-07-29 13:58:30,,,,,,,,,,"This protocol describes an isothermal titration calorimetry (ITC) method for measuring binding interactions between the  2A protease from enterovirus stratin EV-71 and small molecule inhibitors.  Experiments are performed at 25°C using 25 μM protein and 250 μM ligand concentrations with 17 sequential injections.  Data analysis determines binding parameters (KD, stoichiometry) for drug discovery application. ",,,,,,,,,,,
218899,2025-05-25 10:04:21,"Metabolic stability assay in human, rat, dog or mouse hepatocytes ",dx.doi.org/10.17504/protocols.io.14egnykbqv5d/v1,7EA7E14C4027415BA82526F73F6C1635,2025-08-03 12:56:39,https://www.protocols.io/view/metabolic-stability-assay-in-human-rat-dog-or-mous-gzztbx76p,True,metabolic-stability-assay-in-human-rat-dog-or-mous-gzztbx76p,[],,,Nick Lynch,Curlew Research,Nick Lynch,Curlew Research;ASAP Discovery Consortium,,,,,dx.doi.org/10.17504/protocols.io.14egnykbqv5d/v1,"Metabolic stability assay in human, rat, dog or mouse hepatocytes ",2025-08-03 12:56:39,,,,,,,,,,"Metabolic stability, measured in hepatocytes, refers to the rate at which a drug compound is metabolized or broken down by liver cells. This is a critical aspect of drug discovery and development, as it helps determine how long a drug will remain in the body and at what concentration it will exert its therapeutic effect. In drug development, understanding metabolic stability is crucial for identifying compounds that are stable enough to reach their target and for optimizing chemical structures to improve metabolic stability. ",,,,,,,,,,,
218901,2025-05-25 11:44:50,Metabolic stability assay in rat or dog  microsomes,dx.doi.org/10.17504/protocols.io.j8nlkrqbxv5r/v1,AA59C961395D11F097300A58A9FEAC02,2025-08-03 12:54:56,https://www.protocols.io/view/metabolic-stability-assay-in-rat-or-dog-microsomes-gzzvbx767,True,metabolic-stability-assay-in-rat-or-dog-microsomes-gzzvbx767,[],,,Nick Lynch,Curlew Research,Nick Lynch,Curlew Research;ASAP Discovery Consortium,,,,,dx.doi.org/10.17504/protocols.io.j8nlkrqbxv5r/v1,Metabolic stability assay in rat or dog  microsomes,2025-08-03 12:54:56,,,,,,,,,,"Metabolic stability, in the context of liver microsomes, refers to how quickly a drug candidate is metabolized (broken down) by the liver's enzyme system, specifically within the microsomes. This is measured by incubating a drug with microsomes and determining how much of the original drug remains after a set time. Microsomes are a fraction of liver cells enriched with enzymes, particularly cytochrome P450 (CYP) enzymes, which are responsible for metabolizing many drugs. ",,,,,,,,,,,
218905,2025-05-25 12:51:21,In-vitro  plasma protein binding,dx.doi.org/10.17504/protocols.io.8epv5o866g1b/v1,F5233408396611F097300A58A9FEAC02,2025-08-03 13:29:46,https://www.protocols.io/view/in-vitro-plasma-protein-binding-gzzzbx777,True,in-vitro-plasma-protein-binding-gzzzbx777,[],,,Nick Lynch,Curlew Research,Nick Lynch,Curlew Research;ASAP Discovery Consortium,,,,,dx.doi.org/10.17504/protocols.io.8epv5o866g1b/v1,In-vitro  plasma protein binding,2025-08-03 13:29:46,,,,,,,,,,"In vitro plasma protein binding studies in various animal models (Human, rat, mouse, dog, fetal calf serum) are crucial for understanding drug behaviour and predicting human responses. These studies help determine how a drug interacts with plasma proteins, influencing its distribution, metabolism, and elimination.   Protein binding significantly influences drug efficacy and safety profiles. Highly bound compounds (>90%) exhibit greater sensitivity to changes in protein levels due to disease states, age, or co-administered drugs. These data support regulatory submissions and inform clinical trial design by enabling accurate prediction of human pharmacokinetic parameters from preclinical models. The assay employs equilibrium dialysis, ultrafiltration, or ultracentrifugation methods to separate bound and unbound drug fractions, providing quantitative measurements essential for comprehensive drug development programs.",,,,,,,,,,,
218906,2025-05-25 13:46:53,In-vitro Mouse or Human Blood stability assay,dx.doi.org/10.17504/protocols.io.261ge8m6og47/v1,B7722686396E11F09F280A58A9FEAC02,2025-08-03 12:31:54,https://www.protocols.io/view/in-vitro-mouse-or-human-blood-stability-assay-gzz2bx78f,True,in-vitro-mouse-or-human-blood-stability-assay-gzz2bx78f,[],,,Nick Lynch,Curlew Research,Nick Lynch,Curlew Research;ASAP Discovery Consortium,,,,,dx.doi.org/10.17504/protocols.io.261ge8m6og47/v1,In-vitro Mouse or Human Blood stability assay,2025-08-03 12:31:54,,,,,,,,,,"In vitro blood stability is a key aspect of DMPK (Drug Metabolism and Pharmacokinetics) research, focusing on how a drug candidate behaves within the blood in a controlled laboratory environment. This involves evaluating the compound's stability, its rate of degradation, and its potential for interaction with other blood components. ",,,,,,,,,,,
218907,2025-05-25 14:26:57,In-vitro Human or Mouse S9 intestinal stability assay,dx.doi.org/10.17504/protocols.io.q26g79er8vwz/v1,504F33D9397411F09F280A58A9FEAC02,2025-08-03 13:33:49,https://www.protocols.io/view/in-vitro-human-or-mouse-s9-intestinal-stability-as-gzz3bx78p,True,in-vitro-human-or-mouse-s9-intestinal-stability-as-gzz3bx78p,[],,,Nick Lynch,Curlew Research,Nick Lynch,Curlew Research;ASAP Discovery Consortium,,,,,dx.doi.org/10.17504/protocols.io.q26g79er8vwz/v1,In-vitro Human or Mouse S9 intestinal stability assay,2025-08-03 13:33:49,,,,,,,,,,"A stability intestinal S9 human or mouse assay, or intestinal S9 stability assay, is an in vitro test used to assess the metabolic stability of a compound in the presence of human or mouse intestinal enzymes. It simulates the breakdown of a compound by enzymes found in the small intestine, providing insights into how well it might be absorbed and metabolized in the body. ",,,,,,,,,,,
218908,2025-05-25 15:55:17,In-vitro Thermodynamic Solubility,dx.doi.org/10.17504/protocols.io.kxygxqdmzv8j/v1,A78A48A7398011F097300A58A9FEAC02,2025-08-03 13:36:58,https://www.protocols.io/view/in-vitro-thermodynamic-solubility-gzz4bx78x,True,in-vitro-thermodynamic-solubility-gzz4bx78x,[],,,Nick Lynch,Curlew Research,Nick Lynch,Curlew Research;ASAP Discovery Consortium,,,,,dx.doi.org/10.17504/protocols.io.kxygxqdmzv8j/v1,In-vitro Thermodynamic Solubility,2025-08-03 13:36:58,,,,,,,,,,"A thermodynamic solubility assay measures the maximum amount of a compound that can dissolve in a given solvent under specific conditions at equilibrium. It's a crucial assay for understanding a compound's true solubility, particularly in formulations and early drug development. This method helps determine the saturation solubility, where the dissolved compound is in equilibrium with the undissolved solid. ",,,,,,,,,,,
218909,2025-05-25 16:19:06,In-vitro CYP inhibition pooled,dx.doi.org/10.17504/protocols.io.81wgbkb1ygpk/v1,FAF00A6F398311F097300A58A9FEAC02,2025-08-03 13:24:42,https://www.protocols.io/view/in-vitro-cyp-inhibition-pooled-gzz5bx787,True,in-vitro-cyp-inhibition-pooled-gzz5bx787,[],,,Nick Lynch,Curlew Research,Nick Lynch,Curlew Research;ASAP Discovery Consortium,,,,,dx.doi.org/10.17504/protocols.io.81wgbkb1ygpk/v1,In-vitro CYP inhibition pooled,2025-08-03 13:24:42,,,,,,,,,,"This assay is crucial for understanding a compound's inhibitory profile across major drug-metabolizing enzymes, providing essential data for predicting clinical drug-drug interactions and supporting regulatory submissions in pharmaceutical development. An in vitro CYP inhibition assay evaluates the potential of a test compound to inhibit multiple cytochrome P450 enzymes simultaneously using a cocktail approach. This pooled assay employs a mixture of substrates specific to different CYP isoforms (CYP1A2, CYP2C9, CYP2C19, CYP2D6 & CYP3A4) combined with a pooled enzyme source, such as human liver microsomes. The cocktail method offers several advantages over individual isoform testing, including: Reduced material consumption - Single test compound aliquot tests multiple CYP enzymes Higher throughput screening - Multiple CYP interactions assessed simultaneously Early drug development efficiency - Rapid identification of potential drug-drug interaction liabilities ",,,,,,,,,,,
218984,2025-05-27 06:38:46,In-vitro MDR1-MDCKII permeability assay,dx.doi.org/10.17504/protocols.io.yxmvmm6n9v3p/v1,3DDDCC6F3AC511F097300A58A9FEAC02,2025-08-03 13:45:10,https://www.protocols.io/view/in-vitro-mdr1-mdckii-permeability-assay-gz4gbx8tx,True,in-vitro-mdr1-mdckii-permeability-assay-gz4gbx8tx,[],,,Nick Lynch,Curlew Research,Nick Lynch,Curlew Research;ASAP Discovery Consortium,,,,,dx.doi.org/10.17504/protocols.io.yxmvmm6n9v3p/v1,In-vitro MDR1-MDCKII permeability assay,2025-08-03 13:45:10,,,,,,,,,,"In vitro MDR1-MDCKII permeability assays are used to assess the ability of drug candidates to cross the blood-brain barrier (BBB) and to identify P-glycoprotein (P-gp) substrates and inhibitors. MDR1-MDCKII cells, which express the human P-gp protein, are grown on semi-permeable supports and used in a dual-chamber diffusion system to simulate the BBB. The assay helps determine the apparent permeability coefficient (Papp) and efflux ratios, which can be used to predict brain penetration and identify potential drug interactions with P-gp. ",,,,,,,,,,,
218987,2025-05-27 07:13:30,In-vitro hERG & NaV1.5 cardiotoxicity assay,dx.doi.org/10.17504/protocols.io.n2bvjb46pgk5/v1,17BC0D663ACA11F097300A58A9FEAC02,2025-08-03 13:00:08,https://www.protocols.io/view/in-vitro-herg-amp-nav1-5-cardiotoxicity-assay-gz4jbx8up,True,in-vitro-herg-amp-nav1-5-cardiotoxicity-assay-gz4jbx8up,[],,,Nick Lynch,Curlew Research,Nick Lynch,Curlew Research;ASAP Discovery Consortium,,,,,dx.doi.org/10.17504/protocols.io.n2bvjb46pgk5/v1,In-vitro hERG & NaV1.5 cardiotoxicity assay,2025-08-03 13:00:08,,,,,,,,,,"In vitro hERG and NaV1.5 cardiotoxicity assays are crucial for evaluating the potential of new drugs to cause cardiac arrhythmias. These assays involve measuring the effects of compounds on the hERG (human ether-à-go-go-related gene) and NaV1.5 (sodium channel) ion channels, which play vital roles in cardiac repolarization and action potential propagation. ",,,,,,,,,,,
219057,2025-05-28 10:59:50,"Drug transporter (ABC), P-gp, BCRP, BSEP inhibition using drug substrate assay",dx.doi.org/10.17504/protocols.io.81wgbkbzngpk/v1,E0872F903BB211F0869E0A58A9FEAC02,2025-08-03 13:54:06,https://www.protocols.io/view/drug-transporter-abc-p-gp-bcrp-bsep-inhibition-usi-gz6rbx9d7,True,drug-transporter-abc-p-gp-bcrp-bsep-inhibition-usi-gz6rbx9d7,[],,,Nick Lynch,Curlew Research,Nick Lynch,Curlew Research;ASAP Discovery Consortium,,,,,dx.doi.org/10.17504/protocols.io.81wgbkbzngpk/v1,"Drug transporter (ABC), P-gp, BCRP, BSEP inhibition using drug substrate assay",2025-08-03 13:54:06,,,,,,,,,,"ATP-binding cassette (ABC) transporter assays are used to study the activity and interaction of drugs with ABC transporters P-gp, BCRP, and BSEP, which are crucial for drug absorption, distribution, and excretion.  These assays measure the effect of a test compound on the transport of a known probe substrate by the transporter. By quantifying the amount of substrate transported in the presence and absence of the test compound, researchers can determine the degree of inhibition.  ATP-binding cassette (ABC) transporters are a family of protein pumps that move molecules across cell membranes, playing a crucial role in drug absorption, distribution, and excretion.  These assays help determine if a drug is a substrate or inhibitor of a specific ABC transporter, impacting its pharmacokinetic properties and potential for drug-drug interactions. Common assay types include vesicular transport assays, cell-based uptake assays, and ATPase assays.   ",,,,,,,,,,,
219101,2025-05-29 08:16:56,In-Vivo Mouse and Rat PK Bioanalysis,dx.doi.org/10.17504/protocols.io.j8nlkrqdwv5r/v1,48E1D3C43C6511F08BC20A58A9FEAC02,2025-08-03 14:10:17,https://www.protocols.io/view/in-vivo-mouse-and-rat-pk-bioanalysis-gz75bx9q7,True,in-vivo-mouse-and-rat-pk-bioanalysis-gz75bx9q7,[],,,Nick Lynch,Curlew Research,Nick Lynch,Curlew Research;ASAP Discovery Consortium,,,,,dx.doi.org/10.17504/protocols.io.j8nlkrqdwv5r/v1,In-Vivo Mouse and Rat PK Bioanalysis,2025-08-03 14:10:17,,,,,,,,,,"In vivo PK bioanalysis involves studying drug behaviour within a living organism to understand how it is absorbed, distributed, metabolized, and excreted (ADME). This is crucial for drug discovery and development, providing insights into a drug's efficacy and safety before clinical trials. Bioanalysis plays a key role in accurately measuring drug concentrations in biological samples, like plasma, to assess ADME and other pharmacokinetic parameters. ",,,,,,,,,,,
219517,2025-06-04 07:37:55,Drug transporter (SLC) inhibition panel assay using drug substrates,dx.doi.org/10.17504/protocols.io.3byl41o7rlo5/v1,D43DB458411611F0A8150A58A9FEAC02,2025-08-03 13:41:05,https://www.protocols.io/view/drug-transporter-slc-inhibition-panel-assay-using-g2k5bycy7,True,drug-transporter-slc-inhibition-panel-assay-using-g2k5bycy7,[],,,Nick Lynch,Curlew Research,Nick Lynch,Curlew Research;ASAP Discovery Consortium,,,,,dx.doi.org/10.17504/protocols.io.3byl41o7rlo5/v1,Drug transporter (SLC) inhibition panel assay using drug substrates,2025-08-03 13:41:05,,,,,,,,,,"SLC (Solute Carrier) transporters play a crucial role in drug absorption, distribution, and elimination. Some drugs can act as inhibitors of these transporters, potentially affecting the absorption or clearance of other co-administered drugs, leading to drug interactions. This can result in altered drug concentrations and potentially affect efficacy or increase toxicity.  Transporters used were OATP1B1, OATP1B3, OAT1, OAT3, OCT2, MATE1, and MATE2-K  ",,,,,,,,,,,
219547,2025-06-04 13:06:25,"Flaviviruses (West Nile, Zika, Dengue serotypes 1-4) NS2B-NS3 protease fluorescence dose response and single point assay",dx.doi.org/10.17504/protocols.io.q26g7yebkgwz/v4,B8250353414411F082C30A58A9FEAC02,2025-06-20 14:25:11,https://www.protocols.io/view/flaviviruses-west-nile-zika-dengue-serotypes-1-4-n-g2m3byc8p,True,flaviviruses-west-nile-zika-dengue-serotypes-1-4-n-g2m3byc8p,"[{'funder_name': 'National Institutes of Health/National Institute Of Allergy and Infectious Diseases (NIH/NIAID)', 'grant_id': 'U19AI171399'}]",National Institutes of Health/National Institute Of Allergy and Infectious Diseases (NIH/NIAID),U19AI171399,Noa Lahav,Weizmann Institute ,Haim Barr,Weizmann Institute of Science; ASAP Discovery Consortium,Noa Lahav,Weizmann Institute of Science; ASAP Discovery Consortium,,,,"Flaviviruses (West Nile, Zika, Dengue) NS2B/NS3 Fluorescence Dose Response",2023-04-19 06:56:44,,"Flaviviruses (West Nile, Zika, Dengue) NS2B/NS3 Fluorescence Dose Response",2023-04-28 21:56:14,dx.doi.org/10.17504/protocols.io.q26g7yebkgwz/v3,"Flaviviruses (West Nile, Zika, Dengue serotypes 1-4) NS2B-NS3 protease fluorescence dose response and single point assay",2025-04-02 13:51:47,dx.doi.org/10.17504/protocols.io.q26g7yebkgwz/v4,"Flaviviruses (West Nile, Zika, Dengue serotypes 1-4) NS2B-NS3 protease fluorescence dose response and single point assay",2025-06-20 14:25:11,"This is a functional, biochemical assay used to identify treatments for viral infectious diseases related to Flavivirus infection, (specifically West Nile, Zika, and Dengue) and targets the conserved NS2B-NS3 protein. In this current version, we added the Addgne id.  Utilizing a direct enzyme activity measurement method, the experiment was performed in a 384-well plate reading the fluorescence intensity. This assay tested the mode of action of inhibition.    Initial screening was conducted with 2 compound concentrations to determine %inhibition, followed by dose response for IC50 measurement (as specified below). In each run a reference compound was added to verify the assay reliability and robustness.  Assay was developed at the Weizmann Institute of Science, as a part of the ASAP Discovery Consortium.  ------------------------------------------------------- Experiment Concentrations (From Stock to Assay)     Assay Buffer       ------------------------------------------------------- Compound Plate Design for Dose Response:         Total assay volume: 20 µL         Compounds top assay concentration: 100 µM         Dilution factor: 2         Dose response points: 12         Number of replicates: 2         Backfill with DMSO: yes  Compounds Plate Design for 2-Point Assay:         Total Assay Volume: 20 µL         Compounds Assay Concentration: 100 µM and 50 µM
        Dilution Factor: 2
        Dose Response Points: 2
        Number of Replicates: 2         Backfill with DMSO: Yes ",,,,,,,,,,,
219549,2025-06-04 13:10:55,Dengue virus serotype 1 NS2B-NS3 protease fusion construct small scale expression and purification protocol,dx.doi.org/10.17504/protocols.io.q26g71qw8gwz/v3,595A6C4C414511F082C30A58A9FEAC02,2025-06-04 13:21:37,https://www.protocols.io/view/dengue-virus-serotype-1-ns2b-ns3-protease-fusion-c-g2m5byc87,True,dengue-virus-serotype-1-ns2b-ns3-protease-fusion-c-g2m5byc87,"[{'funder_name': 'National Institutes of Health/National Institute Of Allergy and Infectious Diseases (NIH/NIAID)', 'grant_id': 'U19AI171432'}]",National Institutes of Health/National Institute Of Allergy and Infectious Diseases (NIH/NIAID),U19AI171432,SiYi Wang,CMD,SiYi Wang,"Centre for Medicines Discovery, University of Oxford, ASAP Discovery Consortium",Michael Fairhead,"Centre for Medicines Discovery, University of Oxford, ASAP Discovery Consortium",Eleanor Williams,"Centre for Medicines Discovery, University of Oxford, ASAP Discovery Consortium",dx.doi.org/10.17504/protocols.io.q26g71qw8gwz/v1,[Proof Reading] Dengue virus serotype 1 NS2B-NS3 protease fusion construct small scale expression and purification protocol,2024-10-29 16:46:44,dx.doi.org/10.17504/protocols.io.q26g71qw8gwz/v2,Dengue virus serotype 1 NS2B-NS3 protease fusion construct small scale expression and purification protocol,2024-10-29 17:32:26,dx.doi.org/10.17504/protocols.io.q26g71qw8gwz/v3,Dengue virus serotype 1 NS2B-NS3 protease fusion construct small scale expression and purification protocol,2025-06-04 13:21:37,,,,"This protocol details the co-expression and purification of Dengue virus serotype 1 NS2B-NS3 protease fusion construct bearing a N-terminal His-StrepII tag at small scale (<6L).
",,,,,,,,,,,
219552,2025-06-04 13:35:52,Zika NS2B-NS3 fusion construct for assay  small scale expression and purification protocol,dx.doi.org/10.17504/protocols.io.eq2lyw6jpvx9/v2,D5792B5B414811F0A8150A58A9FEAC02,2025-06-04 13:40:48,https://www.protocols.io/view/zika-ns2b-ns3-fusion-construct-for-assay-small-sca-g2m8byc9x,True,zika-ns2b-ns3-fusion-construct-for-assay-small-sca-g2m8byc9x,"[{'funder_name': 'National Institutes of Health/National Institute Of Allergy and Infectious Diseases (NIH/NIAID)', 'grant_id': 'U19AI171432'}]",National Institutes of Health/National Institute Of Allergy and Infectious Diseases (NIH/NIAID),U19AI171432,SiYi Wang,CMD,SiYi Wang,"Centre for Medicines Discovery, University of Oxford, ASAP Discovery Consortium",Michael Fairhead,"Centre for Medicines Discovery, University of Oxford, ASAP Discovery Consortium",Eleanor Williams,"Centre for Medicines Discovery, University of Oxford, ASAP Discovery Consortium",dx.doi.org/10.17504/protocols.io.eq2lyw6jpvx9/v1,Zika NS2B-NS3 fusion construct for assay  small scale expression and purification protocol,2024-10-29 14:20:18,dx.doi.org/10.17504/protocols.io.eq2lyw6jpvx9/v2,Zika NS2B-NS3 fusion construct for assay  small scale expression and purification protocol,2025-06-04 13:40:48,,,,,,,"This protocol details the co-expression and purification of Zika virus NS2B-NS3 protease fusion construct bearing a N-terminal His-StrepII tag at small scale (<6L). The purified enzyme is active and suitable for use in biochemical assays. Construct used here is (internal id: QQ01ZVNS2B-cC001). In this version we added the Addgene Id of the contruct used.
",,,,,,,,,,,
219560,2025-06-04 14:02:29,West Nile virus NS2B-NS3 protease fusion construct small scale expression and purification protocol,dx.doi.org/10.17504/protocols.io.261ge5rrwg47/v3,8D944B5A414C11F0A8150A58A9FEAC02,2025-06-04 14:08:11,https://www.protocols.io/view/west-nile-virus-ns2b-ns3-protease-fusion-construct-g2ngbydbx,True,west-nile-virus-ns2b-ns3-protease-fusion-construct-g2ngbydbx,"[{'funder_name': 'National Institutes of Health/National Institute Of Allergy and Infectious Diseases (NIH/NIAID)', 'grant_id': 'U19AI171432'}]",National Institutes of Health/National Institute Of Allergy and Infectious Diseases (NIH/NIAID),U19AI171432,SiYi Wang,CMD,SiYi Wang,"Centre for Medicines Discovery, University of Oxford, ASAP Discovery Consortium",Michael Fairhead,"Centre for Medicines Discovery, University of Oxford, ASAP Discovery Consortium",Eleanor Williams,"Centre for Medicines Discovery, University of Oxford, ASAP Discovery Consortium",dx.doi.org/10.17504/protocols.io.261ge5rrwg47/v1,[Proof Reading] West Nile virus NS2B-NS3 protease fusion construct small scale expression and purification protocol,2024-10-29 14:34:17,dx.doi.org/10.17504/protocols.io.261ge5rrwg47/v2,West Nile virus NS2B-NS3 protease fusion construct small scale expression and purification protocol,2024-10-29 15:24:50,dx.doi.org/10.17504/protocols.io.261ge5rrwg47/v3,West Nile virus NS2B-NS3 protease fusion construct small scale expression and purification protocol,2025-06-04 14:08:11,,,,"This protocol details the co-expression and purification of West Nile virus NS2B-NS3 protease fusion construct bearing a N-terminal His-StrepII tag at small scale (<6L). This protocol produces enzymatically active product that is suitable for biochemical assays. In this version we added the Addgene id.
",,,,,,,,,,,
219562,2025-06-04 14:19:08, Dengue virus serotype 3 NS2B-NS3 protease fusion construct using parallel rapid protein expression and purification: 100 mL cultures,dx.doi.org/10.17504/protocols.io.bp2l62jzkgqe/v3,E0FC1508414E11F0A8150A58A9FEAC02,2025-06-04 14:27:48,https://www.protocols.io/view/dengue-virus-serotype-3-ns2b-ns3-protease-fusion-g2nibydcf,True,dengue-virus-serotype-3-ns2b-ns3-protease-fusion-g2nibydcf,"[{'funder_name': 'National Institutes of Health/National Institute Of Allergy and Infectious Diseases (NIH/NIAID)', 'grant_id': 'U19AI171432'}]",National Institutes of Health/National Institute Of Allergy and Infectious Diseases (NIH/NIAID),U19AI171432,SiYi Wang,CMD,Michael Fairhead,"Centre for Medicines Discovery, University of Oxford, ASAP Discovery Consortium",SiYi Wang,"Centre for Medicines Discovery, ASAP Discovery Consortium",,,dx.doi.org/10.17504/protocols.io.bp2l62jzkgqe/v1,[Proof Reading] Dengue virus serotype 3 NS2B-NS3 protease fusion construct using parallel rapid protein expression and purification: 100 mL cultures,2024-10-29 17:36:51,dx.doi.org/10.17504/protocols.io.bp2l62jzkgqe/v2, Dengue virus serotype 3 NS2B-NS3 protease fusion construct using parallel rapid protein expression and purification: 100 mL cultures,2024-10-29 17:37:49,dx.doi.org/10.17504/protocols.io.bp2l62jzkgqe/v3, Dengue virus serotype 3 NS2B-NS3 protease fusion construct using parallel rapid protein expression and purification: 100 mL cultures,2025-06-04 14:27:48,,,,"This protocol details the small scale (100mL) expression and purification of Dengue virus serotype 3 NS2B-NS3 protease fusion constructs using the parallel rapid protein expression and purification (PREPX) method. Recombinant proteins are expressed in Escherichia coli using the autoinduction method and then purified in parallel using a IMAC, desalt, tag cleavage, reverse IMAC and gel filtration work flow.  This protocol is adapted from the original PREPX protocol, which is suitable for expressing and purifying multiple constructs in parallel. The protocol can also be adapted for single construct. In this version we  added  the Addgene id.  ",,,,,,,,,,,
219563,2025-06-04 14:35:17,Dengue virus serotype 4 NS2B-NS3 protease fusion construct: 100 mL cultures,dx.doi.org/10.17504/protocols.io.5jyl824x9l2w/v2,225FD242415111F082C30A58A9FEAC02,2025-06-04 14:45:11,https://www.protocols.io/view/dengue-virus-serotype-4-ns2b-ns3-protease-fusion-c-g2njbydcp,True,dengue-virus-serotype-4-ns2b-ns3-protease-fusion-c-g2njbydcp,"[{'funder_name': 'National Institutes of Health/National Institute Of Allergy and Infectious Diseases (NIH/NIAID)', 'grant_id': 'U19AI171399'}]",National Institutes of Health/National Institute Of Allergy and Infectious Diseases (NIH/NIAID),U19AI171399,SiYi Wang,CMD,Michael Fairhead,"Centre for Medicines Discovery, University of Oxford, ASAP Discovery Consortium",SiYi Wang,"Centre for Medicines Discovery, University of Oxford, ASAP Discovery Consortium",,,dx.doi.org/10.17504/protocols.io.5jyl824x9l2w/v1,Dengue virus serotype 4 NS2B-NS3 protease fusion construct: 100 mL cultures,2024-10-29 17:45:36,dx.doi.org/10.17504/protocols.io.5jyl824x9l2w/v2,Dengue virus serotype 4 NS2B-NS3 protease fusion construct: 100 mL cultures,2025-06-04 14:45:11,,,,,,,"This protocol details the small scale (100 mL) expression and purification of Dengue virus serotype 4 (DENV-4) NS2B-NS3 protease fusion constructs using the  parallel rapid expression and purification (PREPX) method. Recombinant proteins are expressed in Escherichia coli using the autoinduction method and then purified in parallel using a IMAC, desalt, tag cleavage, reverse IMAC and gel filtration work flow.  This protocol is adapted from the original PREPX protocol, which is suitable for expressing and purifying multiple constructs in parallel. The protocol can also be adapted for single construct. In this version, we added the Addgene id of the plasmid used.  ",,,,,,,,,,,
219566,2025-06-04 15:05:28,SARS-CoV-2 Mpro fluorescence dose response,dx.doi.org/10.17504/protocols.io.81wgbye9nvpk/v5,59F325CE415511F0A8150A58A9FEAC02,2025-06-20 11:17:54,https://www.protocols.io/view/sars-cov-2-mpro-fluorescence-dose-response-g2nnbyddf,True,sars-cov-2-mpro-fluorescence-dose-response-g2nnbyddf,"[{'funder_name': 'National Institutes of Health/National Institute Of Allergy and Infectious Diseases (NIH/NIAID)', 'grant_id': 'U19AI171399'}]",National Institutes of Health/National Institute Of Allergy and Infectious Diseases (NIH/NIAID),U19AI171399,Noa Lahav,Weizmann Institute ,Haim Barr,Weizmann Institute of Science; ASAP Drug Discovery Consortium,Noa Lahav,Weizmann Institute of Science; ASAP Drug Discovery Consortium,,,,SARS-COV-2 Main Protease (Mpro) Fluorescence Dose Response,2023-04-13 05:39:43,,SARS-COV-2 Main Protease (Mpro) Fluorescence Dose Response,2023-04-17 21:16:37,,SARS-CoV-2 Main Protease (Mpro) Fluorescence Dose Response,2023-04-28 18:38:23,dx.doi.org/10.17504/protocols.io.81wgbye9nvpk/v4,SARS-CoV-2 Mpro fluorescence dose response,2024-04-28 12:55:59,"This is a functional, biochemical assay used to identify treatments for viral infectious disease that target SARS-COV-2 Main Protease (MPro). In this version we added the protein expression and purification protocol together with the Addgene ID of the plasmid used.

Utilizing a direct enzyme activity measurement method, the experiment was performed in a 384-well plate reading the fluorescence intensity. This assay tested the mode of action of inhibition. 
 It was developed at the Weizmann Institute of Science, as a part of the ASAP Drug Discovery Consortium.  ------------------------------------------------------- Experiment Assay Concentrations     ",dx.doi.org/10.17504/protocols.io.81wgbye9nvpk/v5,SARS-CoV-2 Mpro fluorescence dose response,2025-06-20 11:17:54,,,,,,,,
219570,2025-06-04 15:28:47,Fluorescence assay of EV-D68 3C protease activity measurement for screening against antiviral molecules,dx.doi.org/10.17504/protocols.io.261ge54jyg47/v3,9B7C2385415811F0A8150A58A9FEAC02,2025-06-04 15:39:21,https://www.protocols.io/view/fluorescence-assay-of-ev-d68-3c-protease-activity-g2nsbydef,True,fluorescence-assay-of-ev-d68-3c-protease-activity-g2nsbydef,"[{'funder_name': 'National Institutes of Health/National Institute Of Allergy and Infectious Diseases (NIH/NIAID)', 'grant_id': 'U19AI171399'}]",National Institutes of Health/National Institute Of Allergy and Infectious Diseases (NIH/NIAID),U19AI171399,charline.giroud,Center for Medicines Discovery,charline.giroud,"Center for Medicines Discovery, University of Oxford, ASAP Discovery Consortium",Oleg Fedorov,"Center for Medicines Discovery, University of Oxford, ASAP Discovery Consortium",,,dx.doi.org/10.17504/protocols.io.261ge54jyg47/v1,Fluorescence assay for Enterovirus D68 3C protease activity measurement,2024-04-26 11:59:58,dx.doi.org/10.17504/protocols.io.261ge54jyg47/v2,Fluorescence assay of EV-D68 3C protease activity measurement for screening against antiviral molecules,2025-05-21 09:57:04,dx.doi.org/10.17504/protocols.io.261ge54jyg47/v3,Fluorescence assay of EV-D68 3C protease activity measurement for screening against antiviral molecules,2025-06-04 15:39:21,,,,"This protocol details the fluorescence assay for Enterovirus D68 (EV-D68) 3C protease activity measurement. This method is intended to measure the activity of viral proteases by using a specific labelled-peptide that allows the detection of the cleaved product. The substrate contains the cleavage-sequence specific to the tested protease and is labeled in C-terminal by the fluorophore Edans (ex 336 nm; em: 455 nm) and in N-ternimal by the quencher Dabcyl (ex 472 nm). In the case of a non-cleaved substrate, the proximity of Dabcyl to Edans prevents the emission and the detection of the fluorescence at 455 nm. The cleavage of the peptide by the protease allows Edans’ fluorescence emission and detection. In this new version, we changed the buffer to be able to reduce the concentration of enzyme used. Also, we added the correct affiliation for the authors, protocol for protein purification and the Addgene ID for the corresponding plasmid used for protein production.",,,,,,,,,,,
219572,2025-06-04 15:48:57,Fluorescence assay for Enterovirus A71 3C protease activity measurement for screening against antiviral molecules,dx.doi.org/10.17504/protocols.io.14egn6zjql5d/v3,6CF4C992415B11F082C30A58A9FEAC02,2025-06-04 15:54:27,https://www.protocols.io/view/fluorescence-assay-for-enterovirus-a71-3c-protease-g2nubydex,True,fluorescence-assay-for-enterovirus-a71-3c-protease-g2nubydex,"[{'funder_name': 'National Institutes of Health/National Institute Of Allergy and Infectious Diseases (NIH/NIAID)', 'grant_id': 'U19AI171399'}]",National Institutes of Health/National Institute Of Allergy and Infectious Diseases (NIH/NIAID),U19AI171399,charline.giroud,Center for Medicines Discovery,charline.giroud,Center for Medicines Discovery; University of Oxford; ASAP Discovery Consortium,Oleg Fedorov,Center for Medicines Discovery; University of Oxford;  ASAP Discovery Consortium,,,dx.doi.org/10.17504/protocols.io.14egn6zjql5d/v1,Fluorescence assay for Enterovirus A71 3C protease activity measurement,2024-04-26 11:49:31,dx.doi.org/10.17504/protocols.io.14egn6zjql5d/v2,Fluorescence assay for Enterovirus A71 3C protease activity measurement for screening against antiviral molecules,2025-04-23 16:16:57,dx.doi.org/10.17504/protocols.io.14egn6zjql5d/v3,Fluorescence assay for Enterovirus A71 3C protease activity measurement for screening against antiviral molecules,2025-06-04 15:54:27,,,,"This protocol details the fluorescence assay for Enterovirus A71 (EV-A71) 3C protease activity measurement. This method is intended to measure the activity of viral proteases by using a specific labelled-peptide that allows the detection of the cleaved product. The substrate contains the cleavage-sequence specific to the tested protease and is labeled in C-terminal by the fluorophore Edans (ex 336 nm; em: 455 nm) and in N-ternimal by the quencher Dabcyl (ex 472 nm). In the case of a non-cleaved substrate, the proximity of Dabcyl to Edans prevents the emission and the detection of the fluorescence at 455 nm. The cleavage of the peptide by the protease allows Edans’ fluorescence emission and detection. In this version we added the protein expression and purification protocol for EV-A71 3C. Also, the Addgene id for the corresponding plasmid.",,,,,,,,,,,
219617,2025-06-05 07:18:06,Crystallisation of West Nile virus NS2B-NS3 protease in P64 (PDB ID: 8CO8),dx.doi.org/10.17504/protocols.io.x54v9293zl3e/v2,39D43C1E41DD11F099220A58A9FEAC02,2025-06-05 09:03:26,https://www.protocols.io/view/crystallisation-of-west-nile-virus-ns2b-ns3-protea-g2p9bydr7,True,crystallisation-of-west-nile-virus-ns2b-ns3-protea-g2p9bydr7,"[{'funder_name': 'National Institutes of Health/National Institute Of Allergy and Infectious Diseases (NIH/NIAID)', 'grant_id': 'Grant ID: U19AI171399'}]",National Institutes of Health/National Institute Of Allergy and Infectious Diseases (NIH/NIAID),Grant ID: U19AI171399,Peter Marples,Diamond Light Source,Blake Balcomb,"Diamond Light Source; Research Complex at Harwell, ASAP Discovery Consortium",Peter Marples,"Diamond Light Source; Research Complex at Harwell, ASAP Discovery Consortium",Lizbé Koekemoer,"Centre of Medicines Discovery, University of Oxford, ASAP Discovery Consortium",dx.doi.org/10.17504/protocols.io.x54v9293zl3e/v1,Crystallisation of West Nile virus NS2B-NS3 protease in P64 (PDB ID: 8CO8),2024-10-31 10:50:35,dx.doi.org/10.17504/protocols.io.x54v9293zl3e/v2,Crystallisation of West Nile virus NS2B-NS3 protease in P64 (PDB ID: 8CO8),2025-06-05 09:03:26,,,,,,,"West Nile virus NS2B-NS3 innactive fusion protease was crystallized using vapor diffusion in Morpheus screen conditions at pH 8.5. Hexagonal rod-shaped crystals grew to ~50 μm in length after 14 days at 20°C. The crystals belonged to space group P64 and diffracted to 1.91 Å resolution at Diamond Light Source beamline I04. The structure has been deposited as PDB ID 8CO8. In this version, we added the Addgene id of the plasmid used for the protein expresssion and purification.",,,,Daren Fearon,"Diamond Light Source, Research Complex at Harwell, ASAP Discovery Consortium",Michael Fairhead,"Centre of Medicines Discovery, University of Oxford, ASAP Discovery Consortium",,,,
219619,2025-06-05 07:21:00,West Nile Virus NS2B-NS3 inactive fusion protease expression and purification: large scale 1 L cultures,dx.doi.org/10.17504/protocols.io.261gerppjl47/v2,A1D5507F41DD11F08DC10A58A9FEAC02,2025-06-05 08:57:07,https://www.protocols.io/view/west-nile-virus-ns2b-ns3-inactive-fusion-protease-g2qbbydsp,True,west-nile-virus-ns2b-ns3-inactive-fusion-protease-g2qbbydsp,"[{'funder_name': 'National Institutes of Health/National Institute Of Allergy and Infectious Diseases (NIH/NIAID)', 'grant_id': 'U19AI171432'}]",National Institutes of Health/National Institute Of Allergy and Infectious Diseases (NIH/NIAID),U19AI171432,Michael Fairhead,University of Oxford,Michael Fairhead,"University of Oxford, Centre of Medicines Discovery, ASAP Discovery Consortium.",,,,,dx.doi.org/10.17504/protocols.io.261gerppjl47/v1,West Nile Virus NS2B-NS3 protease fusion protein expression and purification: large scale 1 L cultures,2024-10-23 12:54:25,dx.doi.org/10.17504/protocols.io.261gerppjl47/v2,West Nile Virus NS2B-NS3 inactive fusion protease expression and purification: large scale 1 L cultures,2025-06-05 08:57:07,,,,,,,"This method describes a protocol for the 1 L scale expression and purification of West Nile Virus NS2B-NS3 inactive fusion protease in E. coli using autoinduction growth media. After enzyme detergent based cell lysis the fusion protein is purified using his tag chromatography, TEV protease tag cleavage, a reverse chromatography step and finally gel filtration. Final yield is 47 mg of West Nile Virus NS2B-NS3 protease fusion protein per litre of culture grown. In this version, we have added the Addgene id of the plasmid used in the protein expression and purification.


",,,,,,,,,,,
219632,2025-06-05 10:29:08,Crystallisation of Enterovirus D68 3C protease,dx.doi.org/10.17504/protocols.io.rm7vzjp45lx1/v2,E9A6701A41F711F099220A58A9FEAC02,2025-06-05 10:35:47,https://www.protocols.io/view/crystallisation-of-enterovirus-d68-3c-protease-g2qqbydvx,True,crystallisation-of-enterovirus-d68-3c-protease-g2qqbydvx,"[{'funder_name': 'National Institutes of Health/National Institute Of Allergy and Infectious Diseases (NIH/NIAID)', 'grant_id': 'Grant ID: U19AI171399'}]",National Institutes of Health/National Institute Of Allergy and Infectious Diseases (NIH/NIAID),Grant ID: U19AI171399,Peter Marples,Diamond Light Source,Ryan Lithgo,Diamond Light Source; Research Complex at Harwell,Peter Marples,Diamond Light Source; Research Complex at Harwell,Lizbé Koekemoer,"Centre of Medicines Discovery, University of Oxford",dx.doi.org/10.17504/protocols.io.rm7vzjp45lx1/v1,Crystallisation of Enterovirus D68 3C protease,2024-10-02 09:39:57,dx.doi.org/10.17504/protocols.io.rm7vzjp45lx1/v2,Crystallisation of Enterovirus D68 3C protease,2025-06-05 10:35:47,,,,,,,"The development of effective broad-spectrum antivirals forms an important part of preparing for future pandemics. A cause for concern is the currently emerging pathogen Enterovirus D68 (EV-D68) which primarily spreads through respiratory routes causing mostly mild to severe respiratory illness but, in severe cases, acute flaccid myelitis. The 3C protease of EV-D68 is a potential target for the development of antiviral drugs due to its essential role in the viral life cycle and high sequence conservation. This protocol was used to grow D68 3C ProB crystals that were applied high-throughput crystallographic follow up compound screening on D68 3C. In this version we correct the protein expression and purification protocol, and also added the Addgene id. Also, this protocol should be deprecated and we will add modifications to the following protocol. https://www.protocols.io/view/asap-protocol-crystallization-of-enterovirus-d68-3-n92ldm6jnl5b/v1?version_warning=no",,,,Daren Fearon,Diamond Light Source; Research Complex at Harwell,,,,,,
219642,2025-06-05 12:14:35,SARS-CoV-2 nsp3 macrodomain expression and purification protocol for crystallization,dx.doi.org/10.17504/protocols.io.dm6gpz9xplzp/v2,A546D43B420611F099220A58A9FEAC02,2025-06-05 12:17:58,https://www.protocols.io/view/sars-cov-2-nsp3-macrodomain-expression-and-purific-g2q2bydyf,True,sars-cov-2-nsp3-macrodomain-expression-and-purific-g2q2bydyf,"[{'funder_name': 'National Institutes of Health/National Institute Of Allergy and Infectious Diseases (NIH/NIAID)', 'grant_id': 'U19AI171399'}]",National Institutes of Health/National Institute Of Allergy and Infectious Diseases (NIH/NIAID),U19AI171399,SiYi Wang,CMD,SiYi Wang,"Centre for Medicines Discovery, University of Oxford, ASAP Discovery Consortium",Michael Fairhead,"Centre for Medicines Discovery, University of Oxford, ASAP Discovery Consortium",Eleanor Williams,"Centre for Medicines Discovery, University of Oxford, ASAP Discovery Consortium",dx.doi.org/10.17504/protocols.io.dm6gpz9xplzp/v1,SARS-CoV-2 nsp3 macrodomain expression and purification protocol for crystallization,2024-08-09 14:16:40,dx.doi.org/10.17504/protocols.io.dm6gpz9xplzp/v2,SARS-CoV-2 nsp3 macrodomain expression and purification protocol for crystallization,2025-06-05 12:17:58,,,,,,,"This protocol details the expression and purification of SARS-CoV-2 nsp3 macrodomain crystallization construct bearing a N-terminal His-tag at small scale (<6L). In this new version we added the Addgene id.
",,,,,,,,,,,
219643,2025-06-05 12:29:18,Crystallisation protocol for SARS-CoV-2 nsp3 macrodomain in P43,dx.doi.org/10.17504/protocols.io.e6nvw1qb2lmk/v2,B3165A26420811F099220A58A9FEAC02,2025-08-21 09:54:46,https://www.protocols.io/view/crystallisation-protocol-for-sars-cov-2-nsp3-macro-g2q3bydyp,True,crystallisation-protocol-for-sars-cov-2-nsp3-macro-g2q3bydyp,"[{'funder_name': 'National Institutes of Health/National Institute Of Allergy and Infectious Diseases (NIH/NIAID)', 'grant_id': 'Grant ID: U19AI171399'}]",National Institutes of Health/National Institute Of Allergy and Infectious Diseases (NIH/NIAID),Grant ID: U19AI171399,Lizbé Koekemoer,University of Oxford,Jasmin Aschenbrenner,"Diamond Light Source, Research Complex at Harwell, ASAP Discovery Consortium",Peter Marples,"Diamond Light Source, Research Complex at Harwell, ASAP Discovery Consortium",Charlie Tomlinson,"Diamond Light Source, Research Complex at Harwell, ASAP Discovery Consortium",dx.doi.org/10.17504/protocols.io.e6nvw1qb2lmk/v1,Crystallisation protocol for SARS-CoV-2 nsp3 macrodomain in P43,2024-08-19 12:10:50,dx.doi.org/10.17504/protocols.io.e6nvw1qb2lmk/v2,Crystallisation protocol for SARS-CoV-2 nsp3 macrodomain in P43,2025-08-21 09:54:46,,,,,,,"The COVID-19 pandemic has demonstrated the need for novel therapeutic interventions and improved pandemic preparedness strategies against severe acute respiratory syndrome coronavirus 2 (SARS-CoV-2). This protocol details an optimized crystallization method for the SARS-CoV-2 nsp3 macrodomain, a potential drug target. Using sitting drop vapor diffusion, we describe specific buffer conditions and procedures to consistently produce high-quality crystals suitable for XChem fragment screening. The method yields crystals that diffract to an average resolution of 1.2 Å, enabling high-resolution structural studies. All structures solved during the development of tool compounds for the SARS-CoV-2 nsp3 macrodomain are deposited on the PDB (Group deposition: G_1002283). In this version we added the Addgene id and changed the results section.",,,,Lizbé Koekemoer,"Centre of Medicines Discovery, University of Oxford, ASAP Discovery Consortium",Daren Fearon,"Diamond Light Source, Research Complex at Harwell, ASAP Discovery Consortium",,,,
219644,2025-06-05 12:39:47,SARS-CoV-2 nsp3 macrodomain His-SUMO tagged expression and purification protocol for crystallization,dx.doi.org/10.17504/protocols.io.n92ld8jm8v5b/v2,2A6EAE0D420A11F08DC10A58A9FEAC02,2025-06-05 12:53:18,https://www.protocols.io/view/sars-cov-2-nsp3-macrodomain-his-sumo-tagged-expres-g2q4bydyx,True,sars-cov-2-nsp3-macrodomain-his-sumo-tagged-expres-g2q4bydyx,"[{'funder_name': 'National Institutes of Health/National Institute Of Allergy and Infectious Diseases (NIH/NIAID)', 'grant_id': 'U19AI171399'}]",National Institutes of Health/National Institute Of Allergy and Infectious Diseases (NIH/NIAID),U19AI171399,SiYi Wang,CMD,SiYi Wang,"Centre for Medicines Discovery, University of Oxford, ASAP Discovery Consortium",Michael Fairhead,"Centre for Medicines Discovery, University of Oxford, ASAP Discovery Consortium",Eleanor Williams,"Centre for Medicines Discovery, University of Oxford, ASAP Discovery Consortium",dx.doi.org/10.17504/protocols.io.n92ld8jm8v5b/v1,SARS-CoV-2 nsp3 macrodomain His-SUMO tagged expression and purification protocol for crystallization (c004) ,2024-08-09 14:21:57,dx.doi.org/10.17504/protocols.io.n92ld8jm8v5b/v2,SARS-CoV-2 nsp3 macrodomain His-SUMO tagged expression and purification protocol for crystallization,2025-06-05 12:53:18,,,,,,,"This protocol details the expression and purification of SARS-CoV-2 nsp3 macrodomain crystallization construct bearing a N-terminal His-SUMO tag and truncation of the N-terminal methionine at small scale (<6L). In this version we added the Addgene id.
",,,,,,,,,,,
219785,2025-06-08 16:25:21,SARS-CoV-2 nsp3 macrodomain Time-Resolved FRET peptide displacement assay,dx.doi.org/10.17504/protocols.io.eq2ly7r2mlx9/v5,2CAFCD4B448511F0B6CB0A58A9FEAC02,2025-08-09 17:18:29,https://www.protocols.io/view/sars-cov-2-nsp3-macrodomain-time-resolved-fret-pep-g2vhbye37,True,sars-cov-2-nsp3-macrodomain-time-resolved-fret-pep-g2vhbye37,"[{'funder_name': 'National Institutes of Health/National Institute Of Allergy and Infectious Diseases (NIH/NIAID)', 'grant_id': 'U19AI171399'}]",National Institutes of Health/National Institute Of Allergy and Infectious Diseases (NIH/NIAID),U19AI171399,Noa Lahav,Weizmann Institute ,Haim Barr,The Weizmann Institute of Science; ASAP Discovery Consortium,Noa Lahav,The Weizmann Institute of Science; ASAP Discovery Consortium,,,,SARS-CoV-2 Macrodomain (Mac1) TR-FRET Dose Response,2023-04-19 23:22:55,,SARS-CoV-2 nsp3 Mac1 macrodomain TR-FRET Peptide displacement Assay,2023-04-28 21:56:16,dx.doi.org/10.17504/protocols.io.eq2ly7r2mlx9/v3,SARS-CoV-2 nsp3 macrodomain Time-Resolved FRET peptide displacement assay,2024-04-25 15:04:41,dx.doi.org/10.17504/protocols.io.eq2ly7r2mlx9/v4,SARS-CoV-2 nsp3 macrodomain Time-Resolved FRET peptide displacement assay,2024-10-09 12:25:33,"This protocol details the Time-Resolved FRET (TR-FRET) assay for SARS-CoV-2 nsp3 (non-structural protein 3) macrodomain (Mac1) binding of adenosine diphosphate (ADP)–ribosylated (ADPr) peptide. This method measures the affinity of Mac1 to its potential inhibitors by using a specific ADPr-modified peptide that allows the detection of binding. When bound, the biotinylated-peptide and the HIS-tagged Mac1 form a proximity complex that is detected by TR-FRET using Streptavidin-Eu Cryptate and anti-HIS-XL665 as a donor/acceptor pair. Excitation of the Eu Cryptate complex at 325 nm emits a resonant energy of 625 nm which in turn excites the XL665 to emit fluorescence at 665 nm. This energy transfer occurs only when ADPr modified peptide is in sufficient proximity to Mac1 while inhibitors which displace the peptide will prevent energy transfer. Binding is reported as the ratio of Acceptor/Donor (Em/Em) X 10,000. ------------------------------------------------------- Experiment Concentrations (From Stock to Assay)      ReagentStockLoaded into CombiFinal in assay plateUnitsHis-SARS COV2 MAC1183000 5012.5nM Substrate (Biotin-ADPr) 100000001600400nMDetection solution    Streptavidin-XL665 (SA-XL)10.250.125%MAb Anti-6HIS-Eu cryptate Gold1000.250.125%Assay buffer    HEPES pH=7.025025 25 mMNaCl200 20 20 mMBSA0.50.050.05%Tween 20 0.50.050.05%HTRF PPI Europium Detection Buffer1001010 % -------------------------------------------------------  Compound Plate Design for Dose Response:     Total Assay Volume: 16 µL     Compounds Top Assay Concentration: 100 µM     Dilution Factor: 3     Dose Response Points: 10     Number of Replicates: 2     Backfill with DMSO: Yes  Compounds Plate Design for 2-Point Assay:     Total Assay Volume: 16 µL     Compounds Assay Concentration: 100 µM and 50 µM     Dilution Factor: 2     Dose Response Points: 2     Number of Replicates: 2     Backfill with DMSO: Yes  ",dx.doi.org/10.17504/protocols.io.eq2ly7r2mlx9/v5,SARS-CoV-2 nsp3 macrodomain Time-Resolved FRET peptide displacement assay,2025-08-09 17:18:29,,,,,,,,
220062,2025-06-12 13:43:46,Large scale MPro MERS-CoV protein expression setup and operation of Single Use  Bubble Column Reactors : Litre-Scale Expression of Recombinant Proteins for Structural Biology and Drug Design (SBDD),dx.doi.org/10.17504/protocols.io.e6nvwqw6dvmk/v1,431C9955479311F094C40A58A9FEAC02,2025-06-20 10:39:50,https://www.protocols.io/view/large-scale-mpro-mers-cov-protein-expression-setup-g256byg9f,True,large-scale-mpro-mers-cov-protein-expression-setup-g256byg9f,"[{'funder_name': 'National Institutes of Health/National Institute Of Allergy and Infectious Diseases (NIH/NIAID)', 'grant_id': ' U19AI171399'}]",National Institutes of Health/National Institute Of Allergy and Infectious Diseases (NIH/NIAID), U19AI171399,Mary-Ann Xavier,Diamond Light Source,Nathan Wright,"University of Oxford,  ASAP Discovery Consortium",,,,,dx.doi.org/10.17504/protocols.io.e6nvwqw6dvmk/v1,Large scale MPro MERS-CoV protein expression setup and operation of Single Use  Bubble Column Reactors : Litre-Scale Expression of Recombinant Proteins for Structural Biology and Drug Design (SBDD),2025-06-20 10:39:50,,,,,,,,,,"This protocol describes a novel single-use Bubble Column Reactor (suBCR) array system for large-scale recombinant protein production in E. coli, specifically demonstrated with MERS-CoV main protease (MPro). Traditional shake-flask methods are inadequate for meeting the high protein quantities required for structure-based drug discovery (SBDD) workflows, particularly when multiple protein constructs need to be evaluated simultaneously. The suBCR system enables parallel 1-liter E. coli batch cultivation using disposable bioreactor bags arranged in a heated water bath with controlled aeration. The protocol utilizes auto-induction Terrific Broth media supplemented with antifoam, antibiotics, and glycerol. Cultures are inoculated with starter cultures and grown at 37°C for approximately 4 hours until reaching exponential phase, followed by overnight protein expression at ambient temperature (25-27°C) for 16-20 hours. The system achieved successful expression of MERS-CoV MPro protein with high yields, producing 199.5 g wet cell weight from 6 liters total culture volume (OD₆₀₀ = 39.6). Quality control using rapid nickel-magnetic bead purification and SDS-PAGE analysis confirmed successful protein overexpression. The suBCR array addresses the bottleneck of insufficient protein quantities in structural biology pipelines while reducing labor burden and increasing throughput compared to conventional methods. This scalable, cost-effective approach represents a significant advancement in protein production methodology for structural biology and drug discovery applications, offering a practical solution for laboratories requiring multiple protein constructs for crystallographic studies.",,,,,,,,,,,
220390,2025-06-17 09:55:55,SARS-CoV-2 nsp3 macrodomain His-tagged expression and purification protocol for assay  ,dx.doi.org/10.17504/protocols.io.4r3l2qb9jl1y/v3,42B6BA584B6111F0936B0A58A9FEAC02,2025-06-17 13:11:52,https://www.protocols.io/view/sars-cov-2-nsp3-macrodomain-his-tagged-expression-g3gebyjtf,True,sars-cov-2-nsp3-macrodomain-his-tagged-expression-g3gebyjtf,"[{'funder_name': 'National Institutes of Health/National Institute Of Allergy and Infectious Diseases (NIH/NIAID)', 'grant_id': 'U19AI171399'}]",National Institutes of Health/National Institute Of Allergy and Infectious Diseases (NIH/NIAID),U19AI171399,SiYi Wang,CMD,SiYi Wang,"Centre for Medicines Discovery, University of Oxford, ASAP Discovery Consortium",Michael Fairhead,"Centre for Medicines Discovery, University of Oxford, ASAP Discovery Consortium",Eleanor Williams,"Centre for Medicines Discovery, University of Oxford, ASAP Discovery Consortium",dx.doi.org/10.17504/protocols.io.4r3l2qb9jl1y/v1,SARS-CoV-2 nsp3 macrodomain His-tagged expression and purification protocol for assay,2024-08-09 14:23:22,dx.doi.org/10.17504/protocols.io.4r3l2qb9jl1y/v2,SARS-CoV-2 nsp3 macrodomain His-tagged expression and purification protocol for assay,2024-10-22 12:51:42,dx.doi.org/10.17504/protocols.io.4r3l2qb9jl1y/v3,SARS-CoV-2 nsp3 macrodomain His-tagged expression and purification protocol for assay  ,2025-06-17 13:11:52,,,,"This protocol details the expression and purification of SARS-CoV-2 nsp3 macrodomain assay construct bearing a N-terminal His tag at small scale (<6L). In this new version, we added the addgene ID of the plasmid used.
",,,,,,,,,,,
220627,2025-06-20 10:37:33,Large scale EV-A71 2A protease mature and precursor expression setup and operation of Single Use  Bubble Column Reactors: Litre-Scale Expression of Recombinant Proteins for Structural Biology and Drug Design (SBDD),dx.doi.org/10.17504/protocols.io.14egnypbqv5d/v1,92CC780A4DC211F09CFE0A58A9FEAC02,2025-07-04 14:29:58,https://www.protocols.io/view/large-scale-ev-a71-2a-protease-mature-and-precurso-g3ptbymnp,True,large-scale-ev-a71-2a-protease-mature-and-precurso-g3ptbymnp,"[{'funder_name': 'National Institutes of Health/National Institute Of Allergy and Infectious Diseases (NIH/NIAID)', 'grant_id': ' U19AI171399'}]",National Institutes of Health/National Institute Of Allergy and Infectious Diseases (NIH/NIAID), U19AI171399,Mary-Ann Xavier,Diamond Light Source,Nathan Wright,University of Oxford,,,,,dx.doi.org/10.17504/protocols.io.14egnypbqv5d/v1,Large scale EV-A71 2A protease mature and precursor expression setup and operation of Single Use  Bubble Column Reactors: Litre-Scale Expression of Recombinant Proteins for Structural Biology and Drug Design (SBDD),2025-07-04 14:29:58,,,,,,,,,,"This protocol describes a single-use Bubble Column Reactor (suBCR) system for large-scale recombinant protein production in E. coli, addressing limitations of traditional shake-flask methods for structure-based drug discovery. The system enables parallel 1-liter batch cultivation using disposable bioreactor bags in a heated water bath with controlled aeration. Two enterovirus 2A protease variants were successfully expressed: wild-type Human Coxsackievirus A16 2A protease (Addgene 228632) and an inactive Coxsackievirus A71 2A protease with C110A mutation (Addgene 228633).The C110A mutation preserves the VP1-2A junction while eliminating catalytic activity, providing active and inactive variants for comparative studies that are suitable for crystallography. Cultures are grown at 37°C for 4 hours until exponential phase, then expressed overnight at ambient temperature (25-27°C) using auto-induction Terrific Broth media. The system achieved high yields with culture volumes of 5-22.6 L producing wet cell weights of 163.2-225.6 g. Quality control via nickel-magnetic bead purification and SDS-PAGE confirmed successful overexpression of both constructs. This scalable, cost-effective approach significantly advances protein production methodology for structural biology and drug discovery, offering increased throughput and reduced labor compared to conventional methods while providing sufficient protein quantities for crystallographic studies and antiviral drug development.",,,,,,,,,,,
220629,2025-06-20 11:08:20, SARS-CoV-2 Mpro small scale expression and purification protocol,dx.doi.org/10.17504/protocols.io.rm7vzj8p8lx1/v2,E02E0FC14DC611F09CFE0A58A9FEAC02,2025-06-20 11:13:18,https://www.protocols.io/view/sars-cov-2-mpro-small-scale-expression-and-purifi-g3pvbymn7,True,sars-cov-2-mpro-small-scale-expression-and-purifi-g3pvbymn7,"[{'funder_name': 'National Institutes of Health/National Institute Of Allergy and Infectious Diseases (NIH/NIAID)', 'grant_id': 'U19AI171432'}]",National Institutes of Health/National Institute Of Allergy and Infectious Diseases (NIH/NIAID),U19AI171432,SiYi Wang,CMD,SiYi Wang,"Centre for Medicines Discovery, University of Oxford, ASAP Discovery Consortium",Michael Fairhead,"Centre for Medicines Discovery, University of Oxford, ASAP Discovery Consortium",Eleanor Williams,"Centre for Medicines Discovery, University of Oxford, ASAP Discovery Consortium",dx.doi.org/10.17504/protocols.io.rm7vzj8p8lx1/v1, SARS-CoV-2 Mpro small scale expression and purification protocol,2024-04-26 13:18:33,dx.doi.org/10.17504/protocols.io.rm7vzj8p8lx1/v2, SARS-CoV-2 Mpro small scale expression and purification protocol,2025-06-20 11:13:18,,,,,,,"This protocol details the expression and purification of SARS-CoV-2 Mpro construct bearing a N-terminal His-SUMO tag at small scale (<6L). In this new version, we added the Addgene id.
",,,,,,,,,,,
220632,2025-06-20 12:18:43,Zika NS2B-NS3 protease co-expression construct small scale expression and purification protocol,dx.doi.org/10.17504/protocols.io.3byl49mrrgo5/v2,B558E7204DD011F0845A0A58A9FEAC02,2025-06-20 12:34:27,https://www.protocols.io/view/zika-ns2b-ns3-protease-co-expression-construct-sma-g3pybympx,True,zika-ns2b-ns3-protease-co-expression-construct-sma-g3pybympx,"[{'funder_name': 'National Institutes of Health/National Institute Of Allergy and Infectious Diseases (NIH/NIAID)', 'grant_id': 'U19AI171432'}]",National Institutes of Health/National Institute Of Allergy and Infectious Diseases (NIH/NIAID),U19AI171432,SiYi Wang,CMD,SiYi Wang,"Centre for Medicines Discovery, University of Oxford, ASAP Discovery Consortium",Michael Fairhead,"Centre for Medicines Discovery, University of Oxford, ASAP Discovery Consortium",Eleanor Williams,"Centre for Medicines Discovery, University of Oxford, ASAP Discovery Consortium",dx.doi.org/10.17504/protocols.io.3byl49mrrgo5/v1,Zika NS2B-NS3 protease co-expression construct small scale expression and purification protocol,2024-10-29 11:54:42,dx.doi.org/10.17504/protocols.io.3byl49mrrgo5/v2,Zika NS2B-NS3 protease co-expression construct small scale expression and purification protocol,2025-06-20 12:34:27,,,,,,,"This protocol details the co-expression and purification of Zika NS2B-NS3 protease coexpression construct bearing a N-terminal His-GST tag at small scale (<6L). In this new version, we added the Addgene id.
",,,,,,,,,,,
220635,2025-06-20 12:42:15,Crystallization of Zika virus NS3 helicase PDB,dx.doi.org/10.17504/protocols.io.e6nvw152dlmk/v2,FE9A14E64DD311F0845A0A58A9FEAC02,2025-07-25 14:26:03,https://www.protocols.io/view/crystallization-of-zika-virus-ns3-helicase-pdb-g3p3bymqp,True,crystallization-of-zika-virus-ns3-helicase-pdb-g3p3bymqp,"[{'funder_name': 'National Institutes of Health/National Institute Of Allergy and Infectious Diseases (NIH/NIAID)', 'grant_id': 'Grant ID: U19AI171399'}]",National Institutes of Health/National Institute Of Allergy and Infectious Diseases (NIH/NIAID),Grant ID: U19AI171399,Lizbé Koekemoer,University of Oxford,Andre Schutzer de Godoy,"University of Sao Paulo, ASAP Discovery Consortium",Peter Marples,"Diamond Light Source; Research Complex at Harwell, ASAP Discovery Consortium",Lizbé Koekemoer,"Centre of Medicines Discovery, University of Oxford, ASAP Discovery Consortium",dx.doi.org/10.17504/protocols.io.e6nvw152dlmk/v1,Crystallization of Zika virus NS3 helicase ,2024-04-26 10:21:41,dx.doi.org/10.17504/protocols.io.e6nvw152dlmk/v2,Crystallization of Zika virus NS3 helicase PDB,2025-07-25 14:26:03,,,,,,,"The crystallization protocol and buffer conditions used to obtain Zika NS3 helicase crystals suitable for XChem fragment screening. The Zika virus (ZIKV), discovered in Africa in 1947, swiftly spread across continents, causing significant concern due to its recent association with microcephaly in newborns and Guillain-Barré syndrome in adults. Despite a decrease in prevalence, the potential for a resurgence remains, necessitating urgent therapeutic interventions. Like other flaviviruses, ZIKV presents promising drug targets within its replication machinery, notably the NS3 helicase (NS3Hel) protein, which plays critical roles in viral replication. However, a lack of structural information impedes the development of specific inhibitors targeting NS3Hel. This protocol was used to grow Zika NS3 crystals that were applied high-throughput crystallographic fragment screening on ZIKV NS3 Helicase. In this new version, we added the Addgene information for the construct used for heterologous protein expression and the protocol for protein production and purification ",,,,,,,,,,,
223266,2025-07-25 09:53:44,Setup and Operation of Single Use (SUB) Bubble Column Reactors (BCR) for Recombinant Proteins: Litre-Scale Expression of enterovirus 3C protease for Structural Biology and Drug Design (SBDD),dx.doi.org/10.17504/protocols.io.36wgqp4ykvk5/v1,40B16F4F693D11F0BEDF0A58A9FEAC02,2025-07-29 09:01:44,https://www.protocols.io/view/setup-and-operation-of-single-use-sub-bubble-colum-g6aabzaaf,True,setup-and-operation-of-single-use-sub-bubble-colum-g6aabzaaf,"[{'funder_name': 'National Institutes of Health/National Institute Of Allergy and Infectious Diseases (NIH/NIAID)', 'grant_id': ' U19AI171399'}]",National Institutes of Health/National Institute Of Allergy and Infectious Diseases (NIH/NIAID), U19AI171399,Mary-Ann Xavier,Diamond Light Source,Nathan Wright,University of Oxford,,,,,dx.doi.org/10.17504/protocols.io.36wgqp4ykvk5/v1,Setup and Operation of Single Use (SUB) Bubble Column Reactors (BCR) for Recombinant Proteins: Litre-Scale Expression of enterovirus 3C protease for Structural Biology and Drug Design (SBDD),2025-07-29 09:01:44,,,,,,,,,,"Recombinant expression of enterovirus 3C proteases from EV-D68 and EV-A71 strains requires scalable cultivation methods to produce sufficient protein quantities for structural biology applications. This protocol describes the setup and operation of single-use Bubble Column Reactors (suBCR) for parallel 1L E. coli batch cultivation of 3C protease constructs. The system uses auto-induction Terrific Broth media with controlled aeration and temperature management, transitioning from 37°C growth phase to ambient temperature for overnight protein expression. The protocol successfully produced high-density cultures with final OD₆₀₀ values of 12.6 for EV-D68 3C protease and 17.6 for EV-A71 3C protease, yielding 244.6g and 202.1g wet cell weight respectively from individual 1L cultures. Quality control using magnetic bead purification and SDS-PAGE analysis confirmed successful overexpression of both constructs. The suBCR array enables parallel processing of multiple 3C protease variants while reducing labor requirements compared to traditional shake-flask methods, with total culture times of 20-24 hours from inoculation to harvest.",,,,,,,,,,,
223934,2025-08-02 16:26:53,A549-ACE2 SARS-CoV-1 antiviral effect screening assay ,dx.doi.org/10.17504/protocols.io.6qpvrw6z2lmk/v1,382D493D728344188B5BD71C31C34E63,2025-10-26 10:05:47,https://www.protocols.io/view/a549-ace2-sars-cov-1-antiviral-effect-screening-as-g6w6bzfhf,True,a549-ace2-sars-cov-1-antiviral-effect-screening-as-g6w6bzfhf,[],,,Nick Lynch,Curlew Research,Nick Lynch,Curlew Research;ASAP Discovery Consortium,,,,,dx.doi.org/10.17504/protocols.io.6qpvrw6z2lmk/v1,A549-ACE2 SARS-CoV-1 antiviral effect screening assay ,2025-10-26 10:05:47,,,,,,,,,,To evaluate the antiviral efficacy of compounds against SARS-CoV-1 infection using an engineered A549-ACE2 cell line model. A549 human lung adenocarcinoma cells stably transfected to express ACE2 receptors were used as the host cell system. Cells were pre-treated with a range of test compounds prior to SARS-CoV-1 infection at a multiplicity of infection levels. The regular P-GP inhibitor used was Elacridar and positive control was Remdesivir Viral replication was assessed at post-infection using detection methods. Control compounds/vehicle controls were included for comparison.,,,,,,,,,,,
223974,2025-08-04 07:51:38,Setup and Operation of Single Use (SUB) Bubble Column Reactors (BCR) for Recombinant Proteins: Litre-Scale Expression of SARS-CoV-2 Nucleocapsid  C-terminal oligomerization domain for Structural Biology and Drug Design (SBDD),dx.doi.org/10.17504/protocols.io.rm7vz9ypxgx1/v1,D9BAA54D710711F08A690A58A9FEAC02,2025-08-04 08:24:31,https://www.protocols.io/view/setup-and-operation-of-single-use-sub-bubble-colum-g6yebzftf,True,setup-and-operation-of-single-use-sub-bubble-colum-g6yebzftf,"[{'funder_name': 'National Institutes of Health/National Institute Of Allergy and Infectious Diseases (NIH/NIAID)', 'grant_id': ' U19AI171399'}]",National Institutes of Health/National Institute Of Allergy and Infectious Diseases (NIH/NIAID), U19AI171399,Mary-Ann Xavier,Diamond Light Source,Nathan Wright,University of Oxford,,,,,dx.doi.org/10.17504/protocols.io.rm7vz9ypxgx1/v1,Setup and Operation of Single Use (SUB) Bubble Column Reactors (BCR) for Recombinant Proteins: Litre-Scale Expression of SARS-CoV-2 Nucleocapsid  C-terminal oligomerization domain for Structural Biology and Drug Design (SBDD),2025-08-04 08:24:31,,,,,,,,,,"This study presents a scalable method for recombinant expression of SARS-CoV-2 nucleocapsid protein C-terminal oligomerization domain using single-use bubble column reactors (suBCRs) for structural biology and drug discovery applications. The nucleocapsid protein is essential for viral assembly, RNA packaging, and regulation of viral transcription/replication, making it a critical therapeutic target for COVID-19 interventions. The expression system utilized parallel 1L E. coli batch cultivation with auto-induction Terrific Broth media, controlled aeration (1 lpm), and optimized temperature management transitioning from 37°C growth phase to ambient temperature for overnight protein expression.
The protocol successfully achieved high-density cultures with final OD₆₀₀ values of 11.8, yielding 149.1g wet cell weight from 6L total culture volume within 20-24 hours from inoculation to harvest. Quality control via magnetic bead purification and SDS-PAGE analysis confirmed successful overexpression of the target construct. This suBCR approach offers significant advantages over traditional shake-flask methods by reducing labor requirements while enabling parallel processing of multiple protein variants. The resulting protein quantities are sufficient for crystallography studies, structural biology research, and structure-based drug design efforts, providing a robust platform for therapeutic target validation and development of COVID-19 interventions targeting this essential viral component.",,,,,,,,,,,
225096,2025-08-20 12:11:27,Crystallisation of SARS-CoV-2 C terminal nucleocapsid protein for fragment screening and compound soaking,dx.doi.org/10.17504/protocols.io.8epv5r8ydg1b/v2,CC41BE537DBE11F095C00A58A9FEAC02,2025-10-16 13:37:57,https://www.protocols.io/view/crystallisation-of-sars-cov-2-c-terminal-nucleocap-g73gbzqjx,True,crystallisation-of-sars-cov-2-c-terminal-nucleocap-g73gbzqjx,"[{'funder_name': 'National Institutes of Health/National Institute Of Allergy and Infectious Diseases (NIH/NIAID)', 'grant_id': 'Grant ID: U19AI171399'}]",National Institutes of Health/National Institute Of Allergy and Infectious Diseases (NIH/NIAID),Grant ID: U19AI171399,Peter Marples,Diamond Light Source,Peter Marples,Diamond Light Source; Research Complex at Harwel; ASAP Discovery Consortium,Lizbé Koekemoer,"Centre of Medicines Discovery, University of Oxford; ASAP Discovery Consortium",Daren Fearon,Diamond Light Source; Research Complex at Harwel; ASAP Discovery Consortium,dx.doi.org/10.17504/protocols.io.8epv5r8ydg1b/v1,Crystallisation of SARS-CoV-2 N Protein,2024-10-02 09:44:55,dx.doi.org/10.17504/protocols.io.8epv5r8ydg1b/v2,Crystallisation of SARS-CoV-2 C terminal nucleocapsid protein for fragment screening and compound soaking,2025-10-16 13:37:57,,,,,,,"The crystallization protocol and buffer conditions used to obtain reproducible SARS CoV-2 Nucleocapsid crystals suitable for XChem fragment screening. In this new version we added the Addgene id, together with the expression and purification protocol. We also added the solvent tolerance test and the compound/fragment soaking conditions.",,,,,,,,,,,
225632,2025-08-27 12:33:12,Setup and Operation of Single Use (SUB) Bubble Column Reactors (BCR) for Recombinant Proteins: Litre-Scale Expression of ZIKV NS2B-NS3 protease for Structural Biology and Drug Design (SBDD),dx.doi.org/10.17504/protocols.io.kxygx4y8wl8j/v1,FEE39F55834111F0B0710A58A9FEAC02,2026-04-08 15:26:46,https://www.protocols.io/view/setup-and-operation-of-single-use-sub-bubble-colum-g8j8bzurx,True,setup-and-operation-of-single-use-sub-bubble-colum-g8j8bzurx,"[{'funder_name': 'National Institutes of Health/National Institute Of Allergy and Infectious Diseases (NIH/NIAID)', 'grant_id': ' U19AI171399'}]",National Institutes of Health/National Institute Of Allergy and Infectious Diseases (NIH/NIAID), U19AI171399,Mary-Ann Xavier,Diamond Light Source,Nathan Wright,University of Oxford; Centre for Medicine Discovery; ASAP Discovery Consortium,,,,,dx.doi.org/10.17504/protocols.io.kxygx4y8wl8j/v1,Setup and Operation of Single Use (SUB) Bubble Column Reactors (BCR) for Recombinant Proteins: Litre-Scale Expression of ZIKV NS2B-NS3 protease for Structural Biology and Drug Design (SBDD),2026-04-08 15:26:46,,,,,,,,,,"This protocol describes the setup and operation of single-use (SUB) bubble column reactors (BCR) for liter-scale expression of recombinant proteins, specifically targeting Zika virus (ZIKV) NS2B-NS3 protease for structural biology and drug design applications. The method utilizes auto-induction terrific broth media in disposable bioreactor bags with controlled aeration through sparger stones. The protocol covers comprehensive procedures from media preparation and reactor setup through biomass growth, protein expression, cell harvesting, and quality control assessment. Key features include temperature-controlled incubation at 37°C for growth phase followed by ambient temperature expression, achieving high-density cultures (OD600 ~17.6) with successful protein expression as confirmed by SDS-PAGE analysis and nickel magnetic bead purification assays. The system enables unattended overnight expression with minimal equipment requirements, making it accessible for structural biology laboratories requiring recombinant protein production for drug discovery efforts. The protocol achieved successful expression with wet cell weights exceeding 200 g from 9 L total culture volume, demonstrating the scalability and efficiency of this single-use bioreactor approach for academic and research applications.",,,,,,,,,,,
226450,2025-09-04 13:31:56,Dengue virus serotype 2 NS2B-NS3 protease co-expression construct small scale expression and purification protocol,dx.doi.org/10.17504/protocols.io.rm7vz9635gx1/v1,87195550899311F0B7560A58A9FEAC02,2026-05-13 14:44:13,https://www.protocols.io/view/dengue-virus-serotype-2-ns2b-ns3-protease-co-expre-g9dsbz26f,True,dengue-virus-serotype-2-ns2b-ns3-protease-co-expre-g9dsbz26f,"[{'funder_name': 'National Institutes of Health/National Institute Of Allergy and Infectious Diseases (NIH/NIAID)', 'grant_id': 'U19AI171432'}]",National Institutes of Health/National Institute Of Allergy and Infectious Diseases (NIH/NIAID),U19AI171432,SiYi Wang,CMD,SiYi Wang,Centre for Medicines Discovery; University of Oxford; ASAP Discovery Consortium,Michael Fairhead,University of Oxford,Eleanor Williams,Centre for Medicines Discovery; University of Oxford; ASAP Discovery Consortium,dx.doi.org/10.17504/protocols.io.rm7vz9635gx1/v1,Dengue virus serotype 2 NS2B-NS3 protease co-expression construct small scale expression and purification protocol,2026-05-13 14:44:13,,,,,,,,,,"This protocol details the co-expression and purification of Dengue virus serotype 2 NS2B-NS3 protease coexpression construct bearing a N-terminal His-StrepII tag at small scale (<6L).
",,,,,,,,,,,
226741,2025-09-08 12:58:05, ZIKV NS3 helicase protein purification protocol,dx.doi.org/10.17504/protocols.io.3byl46z1rgo5/v1,75B43C968CB311F0AED80A58A9FEAC02,2026-04-08 13:34:09,https://www.protocols.io/view/zikv-ns3-helicase-protein-purification-protocol-g9nvbz5e7,True,zikv-ns3-helicase-protein-purification-protocol-g9nvbz5e7,"[{'funder_name': 'National Institutes of Health/National Institute Of Allergy and Infectious Diseases (NIH/NIAID)', 'grant_id': 'U19AI171432'}]",National Institutes of Health/National Institute Of Allergy and Infectious Diseases (NIH/NIAID),U19AI171432,SiYi Wang,CMD,SiYi Wang,Centre for Medicines Discovery; University of Oxford; ASAP Discovery Consortium,Michael Fairhead,Centre for Medicines Discovery; University of Oxford; ASAP Discovery Consortium,Eleanor Williams,Centre for Medicines Discovery; University of Oxford; ASAP Discovery Consortium,dx.doi.org/10.17504/protocols.io.3byl46z1rgo5/v1, ZIKV NS3 helicase protein purification protocol,2026-04-08 13:34:09,,,,,,,,,,"This protocol details the  purification of Zika virus NS3 helicase construct bearing a N-terminal His-GST tag at small scale (<6L) with bubble column expression system.
",,,,,,,,,,,
228530,2025-09-30 05:38:33,Live Virus EV-D68 - on RD cells - Antiviral Screening Assay,dx.doi.org/10.17504/protocols.io.261gek27og47/v1,B40203999DBF11F0AA170A58A9FEAC02,2025-10-26 12:33:19,https://www.protocols.io/view/live-virus-ev-d68-on-rd-cells-antiviral-screening-hbesb2jef,True,live-virus-ev-d68-on-rd-cells-antiviral-screening-hbesb2jef,[],,,Nick Lynch,Curlew Research,Nick Lynch,Curlew Research;ASAP Discovery Consortium,,,,,dx.doi.org/10.17504/protocols.io.261gek27og47/v1,Live Virus EV-D68 - on RD cells - Antiviral Screening Assay,2025-10-26 12:33:19,,,,,,,,,,The following is a protocol for live virus antiviral screening against EV-D68 in vitro on Rhabdomyosarcoma (RD) cells. RD Cells are prophylactically treated with antiviral candidates that have been serially diluted to investigate activity. IC50 values are generated via analysis of MTT/MTS data as a readout of CPE (cytopathic effect).  Each live virus screening assay is accompanied by a matching cytotoxicity screening assay in uninfected cells to investigate drug toxicity.,,,,,,,,,,,
234473,2025-12-08 13:11:32,Small scale expression and purification protocol of A71 inactive 2A protease with mutation C110A to preserve VP1-2A junction,dx.doi.org/10.17504/protocols.io.j8nlky751g5r/v1,6AA20E97D43711F0A1740A58A9FEAC02,2026-04-08 15:44:38,https://www.protocols.io/view/small-scale-expression-and-purification-protocol-o-hg8hb3zt7,True,small-scale-expression-and-purification-protocol-o-hg8hb3zt7,"[{'funder_name': 'National Institutes of Health/National Institute Of Allergy and Infectious Diseases (NIH/NIAID)', 'grant_id': 'U19AI171399'}]",National Institutes of Health/National Institute Of Allergy and Infectious Diseases (NIH/NIAID),U19AI171399,Mary-Ann Xavier,Diamond Light Source,Xiaomin Ni,Centre for Medicines Discovery; University of Oxford; ASAP Discovery Consortium,SiYi Wang,Centre for Medicines Discovery; University of Oxford; ASAP Discovery Consortium,Michael Fairhead,Centre for Medicines Discovery; University of Oxford; ASAP Discovery Consortium,dx.doi.org/10.17504/protocols.io.j8nlky751g5r/v1,Small scale expression and purification protocol of A71 inactive 2A protease with mutation C110A to preserve VP1-2A junction,2026-04-08 15:44:38,,,,,,,,,,"This protocol describes the small-scale expression and purification of Enterovirus A71 inactive 2A protease bearing the C110A mutation to preserve the VP1-2A junction. The protein is expressed as an N-terminal His6-SUMO fusion in E. coli BL21(DE3)-RR cells using TB autoinduction media, yielding approximately 6 mg/L of culture. The purification strategy employs immobilized metal affinity chromatography (IMAC) for initial protein capture, followed by tag cleavage using His-SENP1 protease and reverse IMAC to remove the cleaved affinity tag and uncleaved protein. Final polishing is achieved through size exclusion chromatography, producing >95% pure untagged 2A protease. From 6 L of culture, typical yields are approximately 50 mg of pure protein. ",,,,Eleanor Williams,Centre for Medicines Discovery; University of Oxford; ASAP Discovery Consortium,,,,,,
242833,2026-02-06 18:00:14,Large scale ZIKV NS3 helicase expression setup and operation of Single Use  Bubble Column Reactors: Litre-Scale Expression of Recombinant Proteins for Structural Biology and Drug Design (SBDD),dx.doi.org/10.17504/protocols.io.81wgboq91lpk/v1,B04287C6038511F186260A58A9FEAC02,2026-04-08 13:31:08,https://www.protocols.io/view/large-scale-zikv-ns3-helicase-expression-setup-and-hrdrb5257,True,large-scale-zikv-ns3-helicase-expression-setup-and-hrdrb5257,"[{'funder_name': 'National Institutes of Health/National Institute Of Allergy and Infectious Diseases (NIH/NIAID)', 'grant_id': ' U19AI171399'}]",National Institutes of Health/National Institute Of Allergy and Infectious Diseases (NIH/NIAID), U19AI171399,Mary-Ann Xavier,Diamond Light Source,Nathan Wright,University of Oxford; Centre of Medicines Discovery; ASAP Discovery Consortium,,,,,dx.doi.org/10.17504/protocols.io.81wgboq91lpk/v1,Large scale ZIKV NS3 helicase expression setup and operation of Single Use  Bubble Column Reactors: Litre-Scale Expression of Recombinant Proteins for Structural Biology and Drug Design (SBDD),2026-04-08 13:31:08,,,,,,,,,,"This protocol describes large-scale expression of Zika virus NS3 helicase domain using Single Use Bubble Column Reactors for structural biology applications. The method employs auto-induction terrific broth media in 1-liter E. coli cultures at 37°C, followed by ambient temperature overnight expression to enhance protein solubility. The protocol covers reactor setup, culture monitoring via OD600, cell harvesting, and rapid quality control using magnetic nickel-NTA purification with SDS-PAGE analysis. This scalable approach efficiently produces recombinant ZIKV NS3 helicase for downstream structural studies and drug design with minimal hands-on time.",,,,,,,,,,,
